account_id,segment,category,primary_service,negotiated_discount,contract_age_months,density_in3_per_lb,price_elasticity
A100000,Mid-Market,Home & Bulky,Ground,0.26148115510729886,7,296.28072594461344,-0.3173612997613391
A100001,SME,Apparel/Soft Goods,Ground,0.3788640151737403,35,222.376139398467,-0.5053415656765591
A100002,Mid-Market,Apparel/Soft Goods,Ground Economy,0.3112093512630785,17,200.33681914919333,-0.3955040630923417
A100003,Mid-Market,Electronics,Ground,0.22306014222613793,28,112.27734965522205,-0.34418576083286045
A100004,SME,Industrial/B2B,Ground,0.22431632871203533,14,67.84238683948765,-0.5270347686751594
A100005,Enterprise,Health/Beauty,Ground,0.4647058696031102,23,119.69087197883417,-0.23456483685348836
A100006,Mid-Market,Electronics,Ground Economy,0.3043578520856701,32,106.56463748372354,-0.3601199571715258
A100007,Mid-Market,Apparel/Soft Goods,Ground,0.48403540938983114,37,167.5138673801674,-0.39288539657881544
A100008,SME,Apparel/Soft Goods,Ground,0.268636373928509,9,226.62912594079373,-0.6814000976216145
A100009,SME,Home & Bulky,Ground Economy,0.34912052011314937,28,316.0021842685921,-0.5358216490835728
A100010,SME,Health/Beauty,Ground Economy,0.5592676723018242,38,117.11682670530543,-0.6472953693018345
A100011,Enterprise,Industrial/B2B,Ground,0.21426132553367208,27,94.59175125906312,-0.2384592122211428
A100012,Mid-Market,Industrial/B2B,Ground,0.13021855001002233,6,73.24739953961868,-0.2963672063712543
A100013,Mid-Market,Industrial/B2B,Ground Economy,0.44865901312872336,8,85.06026083078557,-0.3171781893319791
A100014,SME,Industrial/B2B,Ground,0.23731908946069263,9,78.81666081732004,-0.48122833964673356
A100015,SME,Industrial/B2B,Ground,0.3179293635893766,5,99.75070950742436,-0.4794761193530454
A100016,SME,Apparel/Soft Goods,Ground,0.26140817895484153,31,184.34180702876566,-0.5425510959461879
A100017,SME,Apparel/Soft Goods,Ground,0.3468162780955316,40,248.24076363811122,-0.6007081339667504
A100018,Mid-Market,Home & Bulky,Ground,0.2249463792814258,22,248.5002677926091,-0.45154402975216923
A100019,Mid-Market,Electronics,Ground,0.3020059912116694,25,105.96855987275165,-0.3975659800573296
A100020,Mid-Market,Apparel/Soft Goods,Express,0.3649815326556534,32,162.62506108335285,-0.3545962653049671
A100021,SME,Industrial/B2B,Ground,0.2191691113725738,18,94.10191306678468,-0.3782150974005354
A100022,Enterprise,Electronics,Ground,0.24999159703541113,20,139.33671748808547,-0.22232945598877216
A100023,Mid-Market,Electronics,Ground,0.2852617166401468,25,125.90373914119647,-0.3814689010406145
A100024,Mid-Market,Apparel/Soft Goods,Ground,0.17711845657737219,13,294.62783699046525,-0.3904269389517206
A100025,SME,Apparel/Soft Goods,Ground Economy,0.27774390172012536,3,264.04596570338185,-0.723764824560525
A100026,SME,Apparel/Soft Goods,Ground,0.3318796539902902,24,198.3754504936968,-0.6523492150609286
A100027,SME,Industrial/B2B,Ground,0.28004510584115716,34,84.84795557232547,-0.6147675257556239
A100028,SME,Electronics,Express,0.29286235070682753,4,130.14544914088364,-0.47062863676909306
A100029,Mid-Market,Health/Beauty,Ground,0.3180098329093415,9,118.88191665327273,-0.35075929929578564
A100030,Mid-Market,Home & Bulky,Ground,0.2544256537567686,11,314.58229274572034,-0.3745938574050754
A100031,Enterprise,Home & Bulky,Express,0.38910625658668774,33,276.9229044222797,-0.19441156490765832
A100032,SME,Home & Bulky,Ground,0.4635978124801776,21,272.0022770281794,-0.5912883233112723
A100033,SME,Health/Beauty,Ground Economy,0.27356196078045514,22,157.31123242782456,-0.5794449800602957
A100034,SME,Health/Beauty,Ground Economy,0.3685198231477707,27,183.4153130609003,-0.4602146070729879
A100035,SME,Apparel/Soft Goods,Ground Economy,0.2960382844565353,12,216.46211231268768,-0.6487373785004302
A100036,SME,Industrial/B2B,Ground Economy,0.3565487345038505,30,88.16874599188357,-0.558440602539231
A100037,SME,Apparel/Soft Goods,Ground,0.47657795312032547,2,267.0296017615934,-0.40735163039376426
A100038,SME,Industrial/B2B,Ground,0.3708659543018099,5,105.6743167390564,-0.5457642141865401
A100039,Mid-Market,Apparel/Soft Goods,Ground,0.14265854611903192,34,197.8669620334953,-0.3960287679876056
A100040,SME,Apparel/Soft Goods,Ground Economy,0.3653995631446959,27,210.19604775931097,-0.6302553698184487
A100041,Mid-Market,Industrial/B2B,Ground,0.44328637433090096,8,93.16517083820852,-0.3607638450217829
A100042,Mid-Market,Apparel/Soft Goods,Ground Economy,0.2978403830001897,18,223.67652930606835,-0.4271924812444908
A100043,SME,Home & Bulky,Express,0.4195634806117833,3,196.51112697604947,-0.5654392139085429
A100044,Mid-Market,Home & Bulky,Ground Economy,0.2509884458848054,28,187.81172035488697,-0.305041887284858
A100045,Mid-Market,Apparel/Soft Goods,Ground,0.17144608404777262,31,176.45665716830726,-0.2993354939114967
A100046,SME,Health/Beauty,Ground Economy,0.33411690188326404,12,115.68859123611418,-0.6426111892873213
A100047,SME,Industrial/B2B,Ground,0.1443523279253686,15,79.57005097364546,-0.648668694716496
A100048,Mid-Market,Industrial/B2B,Ground,0.2960228987106408,10,100.28231240185808,-0.39840582613306924
A100049,SME,Home & Bulky,Ground,0.4486842262645503,16,252.09411548400226,-0.6733958044973524
A100050,SME,Electronics,Ground Economy,0.12902370942537192,12,124.24212346822007,-0.6371703125459326
A100051,SME,Apparel/Soft Goods,Express,0.19205032040861023,11,163.72133110040252,-0.6063993701820771
A100052,Mid-Market,Apparel/Soft Goods,Ground,0.21679677548384224,18,192.54992472958827,-0.3280552451421807
A100053,Mid-Market,Apparel/Soft Goods,Ground,0.313668014028904,36,232.19833961395497,-0.47869143880884363
A100054,Mid-Market,Industrial/B2B,Ground,0.2834283214353791,32,99.6382298224642,-0.4105691816358715
A100055,Mid-Market,Industrial/B2B,Express,0.45991363816960873,13,78.2619039833559,-0.3580071898471376
A100056,SME,Health/Beauty,Ground Economy,0.41543483290916977,39,144.07389213676475,-0.4948677245623129
A100057,SME,Electronics,Ground Economy,0.3695272946068598,9,167.49511363521836,-0.5711846619748933
A100058,SME,Electronics,Ground Economy,0.3345630314343885,38,119.61988472807822,-0.4121376255008275
A100059,SME,Electronics,Ground Economy,0.35932297769848276,13,105.02716196332318,-0.6077230452166112
A100060,Mid-Market,Electronics,Ground,0.23380176446866252,23,116.24673238977735,-0.3256464635624405
A100061,SME,Home & Bulky,Express,0.40572103535566123,9,264.3138886322558,-0.5805751689780037
A100062,SME,Apparel/Soft Goods,Express,0.20879557456407988,32,204.28583520989724,-0.5069663221679519
A100063,Mid-Market,Apparel/Soft Goods,Ground,0.4035376993902231,14,208.81479231442825,-0.36492813337469193
A100064,Mid-Market,Industrial/B2B,Ground,0.4386142502118831,36,66.6161618896232,-0.3368561372523913
A100065,SME,Electronics,Express,0.34108646020880873,4,99.20718173814346,-0.536698571927584
A100066,SME,Industrial/B2B,Express,0.3023786941038024,21,87.58076915944174,-0.7058738125464318
A100067,SME,Apparel/Soft Goods,Ground Economy,0.36003099083096735,7,203.7528707331519,-0.6642674192315129
A100068,SME,Electronics,Ground,0.05,37,107.77031166302399,-0.5792445137871252
A100069,SME,Apparel/Soft Goods,Ground,0.3502258218485461,18,203.30888644631068,-0.5479132230908915
A100070,SME,Apparel/Soft Goods,Ground Economy,0.3086646002160193,28,212.30636153465696,-0.6196465982321631
A100071,SME,Apparel/Soft Goods,Ground,0.31493718869430093,37,243.61982865662705,-0.6432225575138735
A100072,Mid-Market,Apparel/Soft Goods,Express,0.3906532512897828,22,206.2497964084553,-0.3327003522141708
A100073,SME,Industrial/B2B,Express,0.3125231078435272,3,96.46547192583171,-0.5436112934203433
A100074,SME,Home & Bulky,Express,0.2059793143348842,10,234.65310589289248,-0.3996884460606334
A100075,SME,Electronics,Ground,0.3058597329174622,9,132.3572676297272,-0.642655924096524
A100076,SME,Home & Bulky,Ground Economy,0.32675554840808246,38,277.5841779282583,-0.7203645012603206
A100077,Mid-Market,Home & Bulky,Ground Economy,0.3314933911581013,38,300.52023574881554,-0.3845647096035159
A100078,SME,Electronics,Ground,0.33619193672850683,20,135.41074598880095,-0.3746866646955012
A100079,Mid-Market,Apparel/Soft Goods,Ground,0.42393690449185534,37,232.25420654490733,-0.41470675944489077
A100080,Mid-Market,Industrial/B2B,Ground,0.21139654469658525,11,88.40563797974396,-0.3284669175295024
A100081,SME,Industrial/B2B,Ground,0.337570045616485,28,93.96801547812038,-0.4952736710626821
A100082,Mid-Market,Health/Beauty,Ground,0.44899296986182413,17,166.80042499697845,-0.4157148542180872
A100083,SME,Home & Bulky,Ground,0.14653885030628047,10,229.48291015194923,-0.5710007153547998
A100084,SME,Apparel/Soft Goods,Ground Economy,0.33796466807800535,11,186.2461859652585,-0.5097310260345654
A100085,SME,Industrial/B2B,Ground Economy,0.26146214980269566,18,92.93918864679586,-0.49640753531036275
A100086,Mid-Market,Home & Bulky,Ground Economy,0.28292896155268954,14,279.4350895044232,-0.3871726551475874
A100087,SME,Apparel/Soft Goods,Ground Economy,0.2295192496785578,9,178.84877432782062,-0.5162190919177297
A100088,SME,Home & Bulky,Express,0.3030449284299556,14,256.50111203225714,-0.45848793647775193
A100089,SME,Health/Beauty,Ground,0.5041255614426905,6,137.63123088943462,-0.5225635375280353
A100090,SME,Electronics,Ground Economy,0.19355696388227864,40,72.14994950296503,-0.5780163914185527
A100091,Mid-Market,Health/Beauty,Ground,0.20303899975211726,16,134.46623147067925,-0.3698481023912809
A100092,SME,Health/Beauty,Ground,0.18980654298364955,5,136.03559061221864,-0.4333855406445247
A100093,SME,Apparel/Soft Goods,Ground Economy,0.49274182866281013,24,203.9409267612899,-0.631597831263482
A100094,SME,Industrial/B2B,Ground Economy,0.2737660294478713,37,112.93781124815175,-0.324048056452175
A100095,Mid-Market,Home & Bulky,Ground Economy,0.3174360939652326,15,203.10063962978464,-0.3545571861633792
A100096,SME,Electronics,Ground,0.27972170588937606,35,102.18815246198037,-0.498833627499302
A100097,SME,Apparel/Soft Goods,Ground Economy,0.22555771215969084,26,111.25899882352918,-0.5622247574243917
A100098,SME,Industrial/B2B,Ground Economy,0.29648493533855647,31,82.20915000797892,-0.5963370991437258
A100099,Enterprise,Home & Bulky,Ground Economy,0.565824360573656,13,241.48388166690316,-0.25718323867261417
A100100,Enterprise,Apparel/Soft Goods,Ground,0.4592070920974255,2,190.72286273456513,-0.19649063917937873
A100101,Mid-Market,Home & Bulky,Ground Economy,0.23470621822077276,15,311.83929948784,-0.4134351932280084
A100102,SME,Apparel/Soft Goods,Ground,0.3847574103061686,38,242.53134234433722,-0.5661550170002206
A100103,Enterprise,Apparel/Soft Goods,Ground Economy,0.23684772273336235,33,212.94298417730408,-0.16351920061895364
A100104,Mid-Market,Electronics,Ground,0.1423632361153779,33,111.99475804353897,-0.4883307945597442
A100105,Mid-Market,Home & Bulky,Ground,0.42195109176646295,37,308.0256764674012,-0.29798981774730865
A100106,SME,Industrial/B2B,Ground,0.43600928466435507,16,89.6799226706592,-0.5846085249655516
A100107,SME,Home & Bulky,Ground Economy,0.42460522510478993,14,221.70496217861617,-0.5821716953963142
A100108,SME,Health/Beauty,Ground,0.27301347507804274,38,96.75053332738929,-0.572740034542149
A100109,Enterprise,Home & Bulky,Express,0.3033224265998014,24,239.34648168568205,-0.20367896288866696
A100110,SME,Health/Beauty,Ground Economy,0.39497655536581233,13,159.01701915274973,-0.6182483437190914
A100111,SME,Electronics,Ground Economy,0.35914960373481075,12,169.17323569413074,-0.42126968339969467
A100112,SME,Home & Bulky,Express,0.2806362528702956,36,262.88336420166746,-0.5445691249344015
A100113,SME,Industrial/B2B,Ground,0.15809281798818353,3,77.60124065505107,-0.5034803391844223
A100114,SME,Home & Bulky,Ground Economy,0.33138751941420125,3,204.5436282522988,-0.4941229197794699
A100115,Mid-Market,Apparel/Soft Goods,Ground Economy,0.4279009639236113,31,230.86389508035165,-0.40443862388485213
A100116,Mid-Market,Health/Beauty,Ground,0.2002411710965843,1,95.53167547991644,-0.4414162769350219
A100117,Mid-Market,Industrial/B2B,Ground,0.3838759381675977,8,98.9155906427592,-0.36043442157529865
A100118,SME,Apparel/Soft Goods,Ground,0.35315416951336925,41,240.9094987167381,-0.6144061899188767
A100119,Mid-Market,Home & Bulky,Express,0.39501482632323337,18,280.41787841129803,-0.3828352179303421
A100120,SME,Industrial/B2B,Ground,0.4071975499719007,30,86.44148091459537,-0.47634959273786437
A100121,Mid-Market,Health/Beauty,Ground Economy,0.2505534758074647,20,154.23650446937972,-0.36529673068525936
A100122,SME,Industrial/B2B,Ground,0.15830405998350539,4,92.76920161227847,-0.5252924140096918
A100123,SME,Electronics,Ground Economy,0.26664804743171205,8,103.19252501581121,-0.4925255572183007
A100124,SME,Health/Beauty,Ground Economy,0.40891273175270076,32,186.63039052385065,-0.5853498416141064
A100125,SME,Home & Bulky,Ground Economy,0.2657996096474029,4,243.54140503422784,-0.5693583104856427
A100126,SME,Industrial/B2B,Ground Economy,0.2505956676142358,25,102.56718726728853,-0.41877139989277307
A100127,SME,Home & Bulky,Ground,0.13786496580753616,15,146.80885156984058,-0.413749105392753
A100128,SME,Health/Beauty,Ground Economy,0.4952647554550939,16,172.1670662460794,-0.5850364673894748
A100129,SME,Home & Bulky,Ground,0.40257136414253103,40,328.7381432498344,-0.48273886962445095
A100130,SME,Electronics,Ground,0.3969895981274765,25,120.64440980193538,-0.5749183952957768
A100131,Enterprise,Health/Beauty,Ground,0.4167725386779474,26,154.0810300753915,-0.24577074207760322
A100132,SME,Electronics,Ground,0.37767083615434016,15,132.06392792272334,-0.4451463909140414
A100133,SME,Industrial/B2B,Ground,0.2955671144820471,16,79.58690617182026,-0.43354817649746474
A100134,SME,Home & Bulky,Ground,0.30362358958777985,29,285.60532389456114,-0.6881406137976118
A100135,SME,Electronics,Ground Economy,0.2772435635407875,2,102.53358185075281,-0.5790045895944029
A100136,Enterprise,Home & Bulky,Ground,0.5834740754415,10,231.51017597339873,-0.20616505832978205
A100137,SME,Home & Bulky,Ground,0.37559120312994426,25,312.7409391023356,-0.47294991265668324
A100138,Mid-Market,Home & Bulky,Ground Economy,0.27361995586485655,26,305.6139799247695,-0.35090487161228506
A100139,SME,Apparel/Soft Goods,Ground Economy,0.366549677416628,4,183.29900602002303,-0.4517777822706519
A100140,SME,Apparel/Soft Goods,Ground Economy,0.21891310821436827,33,182.27081421566066,-0.6228815043624737
A100141,SME,Health/Beauty,Ground,0.4704506718589227,23,123.73096561806666,-0.48591802982747856
A100142,Enterprise,Health/Beauty,Ground,0.253893090419286,10,158.46251707493036,-0.2560866414111368
A100143,SME,Health/Beauty,Ground Economy,0.37010854326224657,31,114.80038352357799,-0.5169481141189741
A100144,SME,Apparel/Soft Goods,Ground,0.42659776297431345,41,223.483737755559,-0.4639236098515716
A100145,SME,Home & Bulky,Express,0.35847685442049926,18,294.95243073768495,-0.5148301189888614
A100146,SME,Apparel/Soft Goods,Ground Economy,0.32944699918196385,12,206.6643219789208,-0.3335062408561332
A100147,SME,Health/Beauty,Express,0.32108020848560154,13,165.45360516099618,-0.5400365924243945
A100148,SME,Industrial/B2B,Ground Economy,0.3143558903112893,25,85.07017525426537,-0.535965166731762
A100149,SME,Apparel/Soft Goods,Express,0.2623301511072498,2,201.91625828243005,-0.6180412765902074
A100150,Mid-Market,Health/Beauty,Express,0.2750516570230296,20,115.37339497547723,-0.27248061910494736
A100151,Mid-Market,Apparel/Soft Goods,Ground Economy,0.4679590373650935,2,248.44930374004377,-0.4462263825692222
A100152,SME,Apparel/Soft Goods,Ground,0.30914633673148434,2,181.02552710419872,-0.6176994418373066
A100153,SME,Apparel/Soft Goods,Express,0.2414203730617227,18,223.22137470962926,-0.6532935940051398
A100154,SME,Home & Bulky,Express,0.26837024031384915,31,256.66240805850623,-0.5456504864796587
A100155,Mid-Market,Health/Beauty,Express,0.4300370680697223,37,113.46986680958611,-0.43779211954385705
A100156,SME,Industrial/B2B,Ground,0.38756066331644784,4,80.1325290700622,-0.42862236712018037
A100157,Mid-Market,Apparel/Soft Goods,Ground Economy,0.3760329178232257,11,262.2725706357398,-0.4206437112166584
A100158,Mid-Market,Electronics,Ground,0.29424788010902087,18,124.35580292090476,-0.3360437225603031
A100159,Mid-Market,Health/Beauty,Ground,0.3773362470172945,24,114.5694113975556,-0.28587009555189263
A100160,SME,Industrial/B2B,Ground,0.2556438875049352,41,94.94631825504881,-0.4572584072514403
A100161,Enterprise,Electronics,Ground,0.29403859686542255,29,116.84393691755783,-0.22018252757476595
A100162,SME,Apparel/Soft Goods,Ground,0.41698044873917456,23,340.5629540048301,-0.48199531532204776
A100163,SME,Electronics,Ground Economy,0.40742776789190643,3,126.15867497299307,-0.5810260663649036
A100164,SME,Home & Bulky,Ground,0.22180901540491968,4,242.18675715729415,-0.40082040171216865
A100165,SME,Industrial/B2B,Ground Economy,0.2344473547091424,7,113.0044522681511,-0.3745144526516914
A100166,Mid-Market,Home & Bulky,Ground,0.330870215281341,28,173.8395073706948,-0.45822608374618384
A100167,Mid-Market,Health/Beauty,Ground,0.492613237466951,14,142.37686794080366,-0.43151660737588177
A100168,SME,Apparel/Soft Goods,Ground,0.1284434835531006,10,285.3893970989445,-0.46343301103711093
A100169,Enterprise,Home & Bulky,Ground,0.3478332939570504,28,254.56187349196352,-0.2199010117654722
A100170,SME,Industrial/B2B,Ground Economy,0.18239566684268518,34,61.92052307670113,-0.6341093324666093
A100171,SME,Electronics,Express,0.2565669006474455,19,111.44817196873109,-0.584584050183975
A100172,SME,Home & Bulky,Ground,0.28355715819357585,37,328.07144431688295,-0.562228405435137
A100173,Enterprise,Industrial/B2B,Ground Economy,0.2779491656563109,31,96.0923274603965,-0.2561400846833157
A100174,SME,Industrial/B2B,Ground Economy,0.26662040603407916,30,76.41053102589721,-0.4897162207958993
A100175,SME,Home & Bulky,Ground Economy,0.320720706037637,36,227.9306366240217,-0.5525722220148319
A100176,SME,Electronics,Ground,0.26647444333694215,8,107.91047414316404,-0.5485274873408778
A100177,Enterprise,Electronics,Express,0.17375426151458473,32,127.80187429556632,-0.2109988524268556
A100178,Mid-Market,Electronics,Ground,0.39798696125227767,40,148.9050364714749,-0.35778108584901713
A100179,Mid-Market,Home & Bulky,Ground Economy,0.3952872167148881,41,309.25339699900115,-0.38415348955622397
A100180,Mid-Market,Apparel/Soft Goods,Express,0.4043174310022669,24,227.23726048372507,-0.3819612272711751
A100181,Mid-Market,Industrial/B2B,Ground Economy,0.1659265503735918,31,68.42735488706877,-0.32023962437553205
A100182,SME,Industrial/B2B,Express,0.34989181525841506,37,68.48749327330626,-0.616148162566787
A100183,SME,Industrial/B2B,Ground Economy,0.38759788558069236,35,98.63868274366295,-0.4694482203592837
A100184,Mid-Market,Industrial/B2B,Ground,0.2168797931560415,37,68.20336821348711,-0.36756069366081107
A100185,Mid-Market,Health/Beauty,Express,0.32091732481821295,35,134.31571106907117,-0.3631690130549571
A100186,SME,Health/Beauty,Ground Economy,0.30837333546896345,16,147.66459124389166,-0.5795435480443853
A100187,SME,Health/Beauty,Ground,0.5042150658568264,30,111.33263131686024,-0.3751739249320701
A100188,Mid-Market,Electronics,Express,0.5124496037012574,17,97.87593357784856,-0.43078185945097913
A100189,SME,Home & Bulky,Ground Economy,0.15356436066697993,33,255.5951341782261,-0.49414829632199647
A100190,Enterprise,Apparel/Soft Goods,Ground Economy,0.569392700572799,34,229.03798086840925,-0.2602587887276428
A100191,SME,Electronics,Ground,0.22847742788466763,39,142.92880544093714,-0.5105513937274173
A100192,SME,Home & Bulky,Ground Economy,0.4180673294327426,25,288.4101007472618,-0.5459704041769442
A100193,Mid-Market,Apparel/Soft Goods,Ground Economy,0.4170497980863731,20,212.78421929070495,-0.4890858042839002
A100194,SME,Electronics,Ground,0.22043097731581934,7,103.88219332316773,-0.5271195977745223
A100195,SME,Home & Bulky,Ground,0.3693267793839099,27,209.88155259447652,-0.6522051154855605
A100196,SME,Apparel/Soft Goods,Ground Economy,0.3092466255733936,24,190.68884606115822,-0.5532212195590762
A100197,Mid-Market,Industrial/B2B,Ground Economy,0.3754330004632391,22,96.64095647668519,-0.4036788733267289
A100198,SME,Industrial/B2B,Ground,0.34306723023806257,28,95.45330404736296,-0.5557715836264385
A100199,SME,Apparel/Soft Goods,Ground,0.4396339485370247,35,130.62370493959037,-0.6199477591697603
A100200,Mid-Market,Apparel/Soft Goods,Ground,0.32753995431460625,7,180.3014083314884,-0.3409246980673761
A100201,Enterprise,Home & Bulky,Ground,0.30321259305736886,18,316.3709534151681,-0.1875263987403669
A100202,SME,Health/Beauty,Express,0.4296064233057181,30,141.99621920466433,-0.49731746429389573
A100203,SME,Industrial/B2B,Ground,0.37803959648586033,34,67.04445560773163,-0.5582261060467375
A100204,SME,Apparel/Soft Goods,Ground Economy,0.39318133943208877,32,299.0500406644101,-0.5317824501920978
A100205,SME,Health/Beauty,Express,0.2535413327741403,33,139.27066834566793,-0.608597677308872
A100206,SME,Apparel/Soft Goods,Ground,0.2154737218601526,36,224.52782366204679,-0.6576403652352755
A100207,Mid-Market,Home & Bulky,Ground Economy,0.2632277856747298,40,278.6977585829123,-0.3243772147776045
A100208,SME,Industrial/B2B,Ground Economy,0.2579178614319411,25,84.04495344820499,-0.4894492246918506
A100209,SME,Apparel/Soft Goods,Ground,0.39861992686529146,11,182.4977148271513,-0.4315102479891896
A100210,Mid-Market,Apparel/Soft Goods,Ground Economy,0.4175984050294052,24,290.19931443549257,-0.49573126047326893
A100211,SME,Home & Bulky,Ground Economy,0.30448697104676,30,306.9500346981107,-0.5751352336775507
A100212,SME,Electronics,Ground Economy,0.4630919018824352,5,137.7538435439474,-0.5895836914042553
A100213,Mid-Market,Industrial/B2B,Ground,0.456846939376513,32,99.33588490583502,-0.30360812205323023
A100214,Mid-Market,Industrial/B2B,Ground,0.3443398916400539,23,73.74625827614071,-0.3799333106266082
A100215,Mid-Market,Apparel/Soft Goods,Ground,0.237810822845696,39,258.29064124778233,-0.40902713511154587
A100216,SME,Apparel/Soft Goods,Ground Economy,0.47753766494355404,9,178.12958552715585,-0.52914749053091
A100217,SME,Health/Beauty,Ground Economy,0.31389826489715916,38,147.13882731339626,-0.6387457140481775
A100218,Enterprise,Apparel/Soft Goods,Ground,0.33261651964309746,19,148.0310615734393,-0.29629042714621334
A100219,SME,Industrial/B2B,Ground Economy,0.28603949743934315,24,56.93808661951019,-0.471867316764749
A100220,SME,Health/Beauty,Ground,0.23102096737028024,28,148.02093830685848,-0.46567780220692256
A100221,SME,Apparel/Soft Goods,Ground Economy,0.17313605696847081,24,179.4160477000325,-0.47758512459389246
A100222,Mid-Market,Industrial/B2B,Ground Economy,0.3832868323557288,38,57.77548534498418,-0.47155335212094
A100223,Enterprise,Apparel/Soft Goods,Ground Economy,0.24165989461033796,7,230.43503921139947,-0.2543977254619796
A100224,SME,Home & Bulky,Ground,0.6259531228996824,30,359.2197800851769,-0.538818955032024
A100225,Enterprise,Electronics,Ground Economy,0.2113926417387521,40,150.01450158532933,-0.22120646892522886
A100226,SME,Electronics,Ground,0.194261752501863,10,114.44193367826148,-0.48263515083877057
A100227,SME,Health/Beauty,Ground Economy,0.37101387156134413,11,140.22290172876305,-0.6234272405138127
A100228,Mid-Market,Health/Beauty,Ground,0.4729313478967295,20,162.3701976709546,-0.35834559602581245
A100229,SME,Industrial/B2B,Ground,0.32645896569432215,30,108.17847392132549,-0.5285436854949626
A100230,SME,Industrial/B2B,Ground Economy,0.37722424201872745,40,84.43472135502368,-0.6002251561511638
A100231,SME,Electronics,Ground,0.13564525825412904,33,120.7382386596508,-0.5344904176081343
A100232,Enterprise,Apparel/Soft Goods,Ground Economy,0.2522488454308233,33,221.3632396956995,-0.21224612221457106
A100233,SME,Health/Beauty,Ground,0.2126384270862433,19,153.95768327102655,-0.5508724544561487
A100234,Enterprise,Industrial/B2B,Ground Economy,0.1304954150052119,27,87.84416163941748,-0.24624672865517153
A100235,Mid-Market,Home & Bulky,Ground,0.3316980234023887,9,254.38001053078276,-0.4738501053025785
A100236,SME,Home & Bulky,Express,0.09571723783895664,19,324.5761530325054,-0.5983026141603018
A100237,Mid-Market,Home & Bulky,Ground Economy,0.18778040339125512,8,316.6055688743271,-0.4257889107465832
A100238,SME,Apparel/Soft Goods,Ground,0.2662806205986582,2,228.0461196758841,-0.5335120398766573
A100239,SME,Health/Beauty,Ground,0.23687141640489237,36,183.3215485645778,-0.4916066762885809
A100240,Mid-Market,Home & Bulky,Ground Economy,0.3596408502207068,33,241.91433832780368,-0.4172772152374016
A100241,Mid-Market,Health/Beauty,Ground,0.350558019190248,21,180.8989309054604,-0.3897607270022325
A100242,SME,Industrial/B2B,Ground,0.4093798745935457,1,98.78875018527592,-0.4326331364781457
A100243,SME,Industrial/B2B,Express,0.3952383732712678,4,142.99062317987634,-0.5229342560673882
A100244,SME,Home & Bulky,Express,0.4340812789361381,5,204.19184582658005,-0.5431609955627719
A100245,Mid-Market,Home & Bulky,Ground Economy,0.31980815999909457,30,227.73864219622843,-0.35090390157937673
A100246,SME,Health/Beauty,Ground,0.35034669008166697,9,150.5537052706538,-0.6722431865497256
A100247,SME,Industrial/B2B,Ground,0.3711513701919191,11,96.43519165825967,-0.589586720544433
A100248,SME,Electronics,Ground Economy,0.33416566973910256,36,162.1230020581804,-0.6632869307258135
A100249,SME,Industrial/B2B,Ground Economy,0.2802805690082926,36,79.17233013054755,-0.5717325840863032
A100250,Mid-Market,Apparel/Soft Goods,Express,0.286755746566023,32,244.20592000662882,-0.38463910667622947
A100251,Mid-Market,Industrial/B2B,Ground Economy,0.23824416016700345,13,108.83190067584833,-0.32661392439621584
A100252,SME,Apparel/Soft Goods,Ground,0.36216168299098295,24,236.63568805794046,-0.5509841864887167
A100253,SME,Apparel/Soft Goods,Ground,0.3105984825914844,9,173.6743382752607,-0.5510769488682239
A100254,SME,Electronics,Ground Economy,0.25368262493632354,36,150.40759019349068,-0.4372131045671758
A100255,Mid-Market,Apparel/Soft Goods,Ground,0.25377551806754073,4,256.46848240372265,-0.3492469342230875
A100256,Mid-Market,Apparel/Soft Goods,Express,0.19896012722172113,31,232.66429484807625,-0.3615728918845673
A100257,SME,Apparel/Soft Goods,Ground,0.41788413412372,21,217.72434257649846,-0.584112062384597
A100258,SME,Home & Bulky,Ground Economy,0.32786176695317876,32,270.5818548700766,-0.5880613842388207
A100259,SME,Health/Beauty,Ground Economy,0.233719998042673,19,138.01585803556767,-0.5020412252378706
A100260,SME,Apparel/Soft Goods,Express,0.40085477496020183,7,234.22167807474986,-0.5886817422097056
A100261,Mid-Market,Health/Beauty,Ground Economy,0.2639551190205627,31,140.78459829421342,-0.36962150102713454
A100262,SME,Industrial/B2B,Ground,0.17934993729877674,26,76.25389539928722,-0.31325634794946616
A100263,SME,Apparel/Soft Goods,Ground Economy,0.4221222289219133,20,170.36323582551702,-0.5100120823639979
A100264,Enterprise,Apparel/Soft Goods,Ground,0.2662903010433887,16,181.57302961194335,-0.2556066251246985
A100265,SME,Industrial/B2B,Express,0.27911009097912104,15,93.59854232930111,-0.4112510250782165
A100266,SME,Industrial/B2B,Ground,0.32411800203491775,20,89.56331544974964,-0.559297024034282
A100267,SME,Electronics,Express,0.43425892227901153,11,124.65142593503698,-0.6807840501702862
A100268,SME,Industrial/B2B,Ground Economy,0.32200372908663116,12,98.113172763447,-0.4872494313766354
A100269,SME,Apparel/Soft Goods,Ground,0.20008828738547696,12,186.28726900034198,-0.5501772991352841
A100270,SME,Home & Bulky,Express,0.37438770041121805,1,328.5928958785623,-0.44241865877869657
A100271,SME,Health/Beauty,Ground,0.2715010275738276,39,133.25368715840364,-0.6842465691872448
A100272,SME,Apparel/Soft Goods,Ground Economy,0.5087923971529467,10,193.61645997525895,-0.5431250582727793
A100273,SME,Health/Beauty,Express,0.319888027800211,7,152.1561331807778,-0.5538467145305065
A100274,Mid-Market,Electronics,Ground Economy,0.09649645021013337,7,80.33137962869843,-0.4571951265338205
A100275,SME,Health/Beauty,Ground,0.3557364972155674,41,120.07853186698244,-0.6045719675582522
A100276,SME,Home & Bulky,Express,0.5144597792260228,20,305.91420697877777,-0.477760629569019
A100277,SME,Home & Bulky,Ground Economy,0.477592028854539,14,178.6886537198932,-0.49659957126279647
A100278,Mid-Market,Apparel/Soft Goods,Ground Economy,0.5030954288756566,17,252.2443046440733,-0.408211084357828
A100279,Mid-Market,Apparel/Soft Goods,Ground Economy,0.21802398146185364,4,267.12096220837526,-0.34442509986141245
A100280,SME,Health/Beauty,Ground Economy,0.4112152395976779,13,130.68972548684155,-0.37532742675005654
A100281,SME,Apparel/Soft Goods,Ground Economy,0.24780054602632884,11,221.03052260871453,-0.5456076341122761
A100282,SME,Apparel/Soft Goods,Ground,0.34242893994169243,33,252.3014918073688,-0.42788245545720327
A100283,SME,Apparel/Soft Goods,Ground Economy,0.19270475712602675,3,192.35536869195496,-0.6833432446690074
A100284,SME,Apparel/Soft Goods,Ground,0.25555442351172836,18,242.80191467588966,-0.5645849801154602
A100285,SME,Industrial/B2B,Ground Economy,0.25237533026363845,33,79.12738951888312,-0.4753230578186551
A100286,SME,Home & Bulky,Ground Economy,0.4098555280142616,35,237.64821267200722,-0.4923628257903476
A100287,SME,Industrial/B2B,Ground Economy,0.4000719121669656,22,77.05074927793544,-0.39412469900040165
A100288,SME,Apparel/Soft Goods,Ground,0.34768197293308206,10,222.95206412956358,-0.4592943943406085
A100289,SME,Health/Beauty,Ground,0.18495785819446145,14,169.18082012465186,-0.6338466642096077
A100290,Mid-Market,Home & Bulky,Ground Economy,0.288836056605028,10,251.3835147769167,-0.5072118102930664
A100291,SME,Home & Bulky,Express,0.2453883517057274,28,200.50553931609952,-0.6099277123389142
A100292,Enterprise,Industrial/B2B,Ground,0.40696757566944913,12,72.46014947895358,-0.21696259622550604
A100293,SME,Industrial/B2B,Ground Economy,0.43781848528171846,26,96.39251062620275,-0.514363351508552
A100294,Mid-Market,Industrial/B2B,Express,0.4256385586030883,27,119.87468589698716,-0.3254797386261474
A100295,Enterprise,Apparel/Soft Goods,Ground Economy,0.24447805805829795,39,224.8828049740842,-0.2879722746782114
A100296,Enterprise,Apparel/Soft Goods,Ground Economy,0.05,16,195.37531038538265,-0.21377129283847562
A100297,Mid-Market,Health/Beauty,Ground,0.14330381018699456,40,159.30783596462717,-0.5005909003135628
A100298,Mid-Market,Home & Bulky,Ground Economy,0.46216269780822083,17,248.79146385454027,-0.45943061204777347
A100299,Mid-Market,Health/Beauty,Ground Economy,0.2798745060680176,28,130.46721252242202,-0.28077460341326244
A100300,Mid-Market,Electronics,Ground,0.24492753817348875,28,99.29728331698232,-0.3420407134417204
A100301,SME,Electronics,Ground Economy,0.4842660293436234,34,150.42249503572128,-0.4948037772556597
A100302,SME,Industrial/B2B,Ground,0.44651599454883273,20,48.86483173657025,-0.5434126749612765
A100303,SME,Health/Beauty,Express,0.32244487219197865,33,160.10605184703758,-0.5450240741181154
A100304,Mid-Market,Apparel/Soft Goods,Ground,0.2906596908936026,15,192.4704413512531,-0.5507856284376941
A100305,SME,Apparel/Soft Goods,Ground,0.30678987871868746,21,194.48912035112903,-0.4611287003558325
A100306,SME,Electronics,Ground,0.34271627983874664,21,156.55400737214475,-0.5688900196923122
A100307,Mid-Market,Electronics,Express,0.4800047281319608,29,104.57476840847889,-0.4151409413206648
A100308,SME,Apparel/Soft Goods,Ground Economy,0.3622467424237227,26,184.2933859777261,-0.5498703096312914
A100309,SME,Home & Bulky,Ground Economy,0.3926029033039141,4,253.897549618566,-0.559089897666962
A100310,SME,Health/Beauty,Ground,0.43692701090701713,34,150.4289541224684,-0.4638032662197066
A100311,SME,Industrial/B2B,Ground,0.2030323998975581,32,82.84193632685552,-0.5587851110547213
A100312,SME,Electronics,Ground Economy,0.3954861892474043,5,86.00464710042489,-0.5921904171843857
A100313,SME,Home & Bulky,Ground,0.29054312453383885,40,219.4853251347334,-0.5770270482023682
A100314,SME,Apparel/Soft Goods,Ground Economy,0.06839048042272339,28,258.43441977435884,-0.5970415745727475
A100315,SME,Electronics,Express,0.1071830458014188,4,121.61517864532703,-0.6665401518024892
A100316,SME,Home & Bulky,Ground Economy,0.21818823884813143,21,281.11088487733883,-0.6272997397079333
A100317,Mid-Market,Electronics,Ground Economy,0.37312232285925817,35,114.3533019250624,-0.3840637929693539
A100318,SME,Health/Beauty,Ground Economy,0.33137995653402963,12,123.3806580564336,-0.4533299359696296
A100319,Enterprise,Apparel/Soft Goods,Ground Economy,0.3384366707175664,39,273.4121252052905,-0.20019982593453306
A100320,Enterprise,Apparel/Soft Goods,Ground Economy,0.5150943482686692,18,202.88634780346916,-0.2127521719867253
A100321,SME,Apparel/Soft Goods,Ground Economy,0.19309103851401876,10,193.2406185538746,-0.5708185310856695
A100322,SME,Industrial/B2B,Ground Economy,0.31725666458162766,15,107.7575063349565,-0.5105375471763
A100323,SME,Electronics,Ground Economy,0.3504435522813816,22,104.39701624846448,-0.47280201106729103
A100324,Mid-Market,Apparel/Soft Goods,Ground Economy,0.24637268834616644,29,187.51930640534292,-0.3122726747201408
A100325,Mid-Market,Industrial/B2B,Ground Economy,0.3228326745082941,39,90.16599628107375,-0.28588286773383476
A100326,Mid-Market,Home & Bulky,Ground Economy,0.1600050665915655,8,260.0126408713268,-0.3666078098848496
A100327,SME,Home & Bulky,Ground Economy,0.4609906217275028,40,272.14981108187044,-0.4287526010291999
A100328,Mid-Market,Industrial/B2B,Ground Economy,0.2518385447469566,22,123.88503924820691,-0.32297003600302865
A100329,SME,Apparel/Soft Goods,Ground Economy,0.5231400164778504,6,222.7101837121196,-0.5175030954903451
A100330,Mid-Market,Apparel/Soft Goods,Ground Economy,0.3167525676082545,38,120.10956020801974,-0.3038527133646883
A100331,SME,Electronics,Ground,0.42280535653991835,15,127.04805717812172,-0.5813295555511425
A100332,Mid-Market,Apparel/Soft Goods,Express,0.31466971310088454,26,211.43186379170686,-0.42219271462552416
A100333,Mid-Market,Health/Beauty,Express,0.31692561677394704,29,141.09494061365672,-0.3486826598728023
A100334,SME,Apparel/Soft Goods,Ground,0.26159706667779925,1,219.29680829517525,-0.5139452471221749
A100335,SME,Apparel/Soft Goods,Ground,0.3319123929366278,10,208.91596072589257,-0.5943379560364739
A100336,SME,Apparel/Soft Goods,Ground Economy,0.35179986944140473,29,208.01126288250632,-0.49109540447813904
A100337,Mid-Market,Home & Bulky,Ground,0.24157414910848202,14,288.6904690172728,-0.3353841670389542
A100338,SME,Apparel/Soft Goods,Ground,0.3074955584140116,1,189.50934586604788,-0.6487111244503689
A100339,Enterprise,Apparel/Soft Goods,Ground,0.2589901133942886,1,174.17745651283914,-0.24917819537752195
A100340,SME,Industrial/B2B,Express,0.5499664069614839,34,138.98525953248273,-0.5996278751933735
A100341,Enterprise,Home & Bulky,Ground,0.31102692300883816,7,226.49787163103827,-0.2505462725060051
A100342,Mid-Market,Home & Bulky,Ground,0.47452321516965595,5,264.6866883031316,-0.2672951126540603
A100343,SME,Apparel/Soft Goods,Ground,0.3004377669192312,24,153.46404251691112,-0.6616914326104315
A100344,Mid-Market,Home & Bulky,Ground Economy,0.34592876415349083,5,265.45072182440657,-0.4023475406452733
A100345,Mid-Market,Apparel/Soft Goods,Express,0.18786359283547308,27,174.72407418394312,-0.43761453888832685
A100346,Enterprise,Electronics,Ground Economy,0.27529274081321353,23,110.44258443443977,-0.23277633871083994
A100347,SME,Apparel/Soft Goods,Express,0.3410534670789247,27,249.50344436614847,-0.554036298036113
A100348,SME,Industrial/B2B,Ground,0.4786003830959867,21,97.64655500772479,-0.5272869899801306
A100349,SME,Industrial/B2B,Ground Economy,0.3421982777676271,32,99.20823429811206,-0.5802894110931119
A100350,SME,Apparel/Soft Goods,Ground,0.4583720361192999,27,143.0484571087876,-0.5242807975153745
A100351,SME,Apparel/Soft Goods,Ground Economy,0.38407291102029206,18,279.43463741953667,-0.6215997782553718
A100352,SME,Apparel/Soft Goods,Ground,0.4827401339464686,1,164.94688644639712,-0.4191173268244435
A100353,SME,Electronics,Ground,0.3140957782694945,12,153.01691358874746,-0.5053199914019721
A100354,SME,Apparel/Soft Goods,Ground,0.5590222710651804,6,248.6143581341002,-0.7186979179993234
A100355,SME,Industrial/B2B,Express,0.2714603797085877,1,99.35279041691182,-0.4983483617552777
A100356,Mid-Market,Health/Beauty,Ground Economy,0.24335381658023308,12,118.45438352110878,-0.36639502778538174
A100357,Mid-Market,Industrial/B2B,Ground Economy,0.1989947150310966,9,92.45575548607627,-0.3296928867990457
A100358,SME,Electronics,Ground,0.553102467155807,4,109.82809753007103,-0.5777072680130805
A100359,SME,Industrial/B2B,Ground Economy,0.4019447572617898,13,90.47044105838573,-0.489258146563269
A100360,Enterprise,Apparel/Soft Goods,Ground,0.28658792666196914,21,200.55482860656585,-0.21387483915136735
A100361,SME,Home & Bulky,Ground Economy,0.4449022696873495,8,164.5930282924113,-0.6200314892228933
A100362,SME,Home & Bulky,Ground Economy,0.3887692185117782,12,312.4994982660787,-0.4923520179477777
A100363,SME,Industrial/B2B,Ground,0.516612747137559,1,88.68606406390035,-0.6150604173393808
A100364,Mid-Market,Electronics,Express,0.16521671672600885,3,109.52831137075168,-0.4268670709869403
A100365,SME,Industrial/B2B,Ground Economy,0.2934639891685745,7,80.92269882815776,-0.6370338778143418
A100366,Mid-Market,Apparel/Soft Goods,Express,0.27374786160571746,19,223.5497719866638,-0.3880108367103283
A100367,Mid-Market,Industrial/B2B,Ground,0.12263173235913985,28,75.52114731962955,-0.5647517673876769
A100368,SME,Electronics,Ground Economy,0.4260327204779694,33,71.28820793696067,-0.6369990299647218
A100369,Mid-Market,Electronics,Ground,0.2929603444196642,26,128.79400374929878,-0.39851802459118907
A100370,Mid-Market,Industrial/B2B,Ground,0.3939631204986562,26,98.40946856690051,-0.3300723083973411
A100371,SME,Home & Bulky,Ground Economy,0.5559771934329611,39,250.65723060508677,-0.5419926221153835
A100372,SME,Home & Bulky,Ground,0.2846756308172392,11,206.2781454411076,-0.6676719755942528
A100373,SME,Electronics,Ground Economy,0.2778847017342845,33,121.92100768320856,-0.6910366057891673
A100374,SME,Apparel/Soft Goods,Ground Economy,0.3318664169723996,39,154.64067647774635,-0.6719621507863189
A100375,SME,Home & Bulky,Ground,0.418724735298341,24,211.92560807501755,-0.6147783653051936
A100376,Enterprise,Apparel/Soft Goods,Ground,0.263328697468985,35,181.62361800014273,-0.17856321319224613
A100377,SME,Apparel/Soft Goods,Ground,0.2569038402867869,6,241.90089687970084,-0.5901908499706178
A100378,SME,Industrial/B2B,Ground Economy,0.4257189270241366,37,84.12570260292195,-0.44758430381062775
A100379,Mid-Market,Electronics,Express,0.35786393238380354,24,110.32608550562846,-0.2952141419772968
A100380,SME,Home & Bulky,Ground,0.11552717369951793,10,351.47960972124633,-0.5697305914776222
A100381,Enterprise,Home & Bulky,Express,0.19746082005308918,3,276.4952448684318,-0.23726558175990178
A100382,Mid-Market,Home & Bulky,Ground,0.47012358638272106,30,275.86494309022186,-0.4314924946134059
A100383,SME,Electronics,Ground Economy,0.36019282830788124,18,112.01446390349047,-0.5910137398318528
A100384,SME,Industrial/B2B,Ground,0.24378040689627511,13,80.3387789842842,-0.5938558438237768
A100385,Enterprise,Industrial/B2B,Ground Economy,0.3029590342765018,17,54.580215671722165,-0.1875064646952516
A100386,Mid-Market,Home & Bulky,Ground,0.32132366728016704,41,305.3370568940225,-0.37401632897297404
A100387,Enterprise,Home & Bulky,Ground,0.39357333602801636,18,280.98089422939853,-0.1702651460740619
A100388,SME,Home & Bulky,Ground Economy,0.18417366051412107,4,251.61503151761224,-0.38472204682448397
A100389,Mid-Market,Electronics,Express,0.2359050861329542,12,117.03590324033686,-0.4222166344610552
A100390,Mid-Market,Home & Bulky,Ground Economy,0.3472955754863389,6,294.4515514738174,-0.33707190955391536
A100391,SME,Health/Beauty,Ground,0.31001654195045497,29,100.8213061583877,-0.621981126426802
A100392,SME,Electronics,Ground,0.377185918263671,33,107.2585632384378,-0.6414386751751032
A100393,Mid-Market,Home & Bulky,Ground Economy,0.19704926026404024,35,206.8210260166296,-0.3446989124964777
A100394,SME,Home & Bulky,Ground,0.3557128676271321,26,342.9066344203797,-0.5987006653008122
A100395,SME,Home & Bulky,Ground,0.42915836193774726,32,300.98067889073445,-0.4954545698893746
A100396,Mid-Market,Apparel/Soft Goods,Ground Economy,0.36868185471492837,18,126.73821816508323,-0.27478490414627105
A100397,SME,Apparel/Soft Goods,Ground,0.3339111739761592,26,152.77981051300893,-0.5601730258665029
A100398,SME,Health/Beauty,Ground Economy,0.3104116397434029,5,136.66488903139134,-0.5111529049234498
A100399,SME,Home & Bulky,Ground,0.23651488472284982,23,237.8897980750105,-0.5136926566265617
A100400,SME,Apparel/Soft Goods,Ground Economy,0.31280014075602114,23,159.93835253469362,-0.7129658072222559
A100401,Enterprise,Electronics,Express,0.44597058528804057,2,162.00686433325058,-0.16964671956982183
A100402,Mid-Market,Health/Beauty,Express,0.3080971493399875,23,147.876005832361,-0.4018236547161738
A100403,SME,Apparel/Soft Goods,Ground Economy,0.231019601065159,30,227.94805700422486,-0.4679284029355581
A100404,Enterprise,Industrial/B2B,Ground Economy,0.2707752911234614,16,78.78935782243813,-0.24997262650582167
A100405,Mid-Market,Industrial/B2B,Ground,0.340085029727593,23,101.70084118428363,-0.39701058046197873
A100406,SME,Electronics,Ground,0.2826486002819153,12,111.78265236278855,-0.5812959088074007
A100407,Mid-Market,Health/Beauty,Ground,0.36853032830631405,12,132.85975202257103,-0.32614129179667123
A100408,SME,Apparel/Soft Goods,Ground Economy,0.37228437607490306,6,233.0958740813948,-0.4868389971537133
A100409,Enterprise,Industrial/B2B,Ground Economy,0.40889831804046484,14,63.610239446023144,-0.25059926674241423
A100410,Mid-Market,Home & Bulky,Express,0.4623559472265033,33,334.740903841026,-0.48093547013847104
A100411,Mid-Market,Industrial/B2B,Ground,0.4195858724372361,39,92.95470527852679,-0.4073775455817787
A100412,SME,Electronics,Express,0.22657609358520403,27,147.66839490965714,-0.4759627905363568
A100413,Mid-Market,Apparel/Soft Goods,Ground,0.22964655534237277,26,169.34913319980865,-0.39931949578033793
A100414,SME,Apparel/Soft Goods,Express,0.31242285235401757,26,175.1043583117343,-0.7502664436578528
A100415,SME,Health/Beauty,Ground Economy,0.27488246427605856,20,110.72011441568473,-0.5584498818843102
A100416,SME,Electronics,Ground Economy,0.20616732730390575,18,125.40642972956053,-0.670601870899972
A100417,Mid-Market,Apparel/Soft Goods,Express,0.2758308205827006,26,212.4941688125097,-0.33780122614719343
A100418,SME,Health/Beauty,Express,0.2725487066380961,33,128.29682215537423,-0.5465279007399981
A100419,Enterprise,Industrial/B2B,Ground Economy,0.2528152260238794,17,73.57207907525847,-0.24044565180214292
A100420,Mid-Market,Electronics,Ground Economy,0.28842105138449947,24,92.64152057381379,-0.4026477135709833
A100421,SME,Home & Bulky,Ground,0.4378450850318331,20,257.7309534579733,-0.48677293389082926
A100422,SME,Apparel/Soft Goods,Ground,0.33992380412492396,12,192.4008197315509,-0.4832148097867256
A100423,SME,Health/Beauty,Ground Economy,0.567180907605547,12,122.72270379257178,-0.6315334632559694
A100424,SME,Home & Bulky,Express,0.33705081860196495,4,332.4037879509593,-0.648302942043637
A100425,Mid-Market,Industrial/B2B,Ground Economy,0.2909934226062748,19,88.66632401327772,-0.46619218281294944
A100426,SME,Home & Bulky,Ground,0.3204132882654866,30,319.43800930778013,-0.6988242648683617
A100427,Mid-Market,Electronics,Ground Economy,0.345649197844354,29,108.48175285405377,-0.387673307870388
A100428,SME,Apparel/Soft Goods,Ground Economy,0.3635253957171064,41,219.25254352758924,-0.5243260623508936
A100429,Mid-Market,Apparel/Soft Goods,Ground,0.5276711325859024,2,207.90300658551052,-0.4570064835103727
A100430,Enterprise,Health/Beauty,Ground Economy,0.23546795350224314,32,97.2199178001433,-0.24353128630110235
A100431,Mid-Market,Electronics,Ground,0.40590460581777354,33,150.8521074153005,-0.3240000502559473
A100432,Mid-Market,Electronics,Ground Economy,0.34077505976141237,18,117.08068208809982,-0.32108276706542205
A100433,Mid-Market,Industrial/B2B,Express,0.16289022574293824,12,102.09197515805396,-0.4080400214773096
A100434,SME,Industrial/B2B,Ground,0.39706987820947637,15,77.81713469612274,-0.5353748404275701
A100435,SME,Industrial/B2B,Express,0.4467623560803905,28,87.32952101840782,-0.5478195287338925
A100436,SME,Apparel/Soft Goods,Ground Economy,0.23428235962225702,36,177.2329807948972,-0.6384840025885911
A100437,SME,Electronics,Ground Economy,0.3191066132108029,27,146.6975672276893,-0.6126205644612656
A100438,Mid-Market,Industrial/B2B,Ground Economy,0.14746457379922964,22,95.04483142870093,-0.4558027751598506
A100439,Mid-Market,Home & Bulky,Ground,0.19411935403156635,27,277.17810504866554,-0.2699024419367181
A100440,Mid-Market,Apparel/Soft Goods,Ground Economy,0.4248029577617253,3,261.33936076056824,-0.39444368128160845
A100441,SME,Industrial/B2B,Ground Economy,0.2733583493992566,25,108.73272900976417,-0.6073118030977696
A100442,Mid-Market,Electronics,Ground Economy,0.20911970250619608,2,136.53139878054378,-0.292984606168802
A100443,SME,Electronics,Ground Economy,0.342946036445843,40,89.2906893039908,-0.4959711095919273
A100444,SME,Industrial/B2B,Ground Economy,0.26775875685689765,37,78.72999826382973,-0.4806599741078642
A100445,Mid-Market,Electronics,Ground Economy,0.2729178342224464,21,98.31601626215479,-0.38123679575041525
A100446,Enterprise,Home & Bulky,Ground Economy,0.39393260256749035,16,294.04857686168737,-0.2737191809669041
A100447,SME,Home & Bulky,Ground,0.20382666410656536,31,267.98651087390243,-0.7168636258848544
A100448,SME,Home & Bulky,Ground Economy,0.22946347873181677,27,194.92401810608817,-0.48282127687145426
A100449,SME,Apparel/Soft Goods,Ground Economy,0.33540799921488684,29,202.8654687481756,-0.5934409731657199
A100450,SME,Health/Beauty,Ground,0.41694097907482053,22,102.3483691398868,-0.5961008228017411
A100451,Mid-Market,Industrial/B2B,Ground,0.44381603014898496,10,89.1388648932699,-0.40209466897634066
A100452,Mid-Market,Home & Bulky,Ground Economy,0.2534938279638377,4,182.52856681339975,-0.4027418391801364
A100453,SME,Home & Bulky,Ground,0.4137376966919648,12,284.74912669039986,-0.5750587564522346
A100454,SME,Industrial/B2B,Express,0.2415857706529591,22,96.12299454175199,-0.6892245349665297
A100455,SME,Apparel/Soft Goods,Ground,0.50262093469068,18,282.12045304851216,-0.6409534874353648
A100456,Enterprise,Electronics,Express,0.20662289745802714,21,138.3140630531426,-0.1850149213792572
A100457,SME,Home & Bulky,Ground,0.45284788107917306,12,240.20761282750686,-0.6156469891726454
A100458,Mid-Market,Health/Beauty,Ground Economy,0.2543513893181276,39,160.61536635051704,-0.43086528234715277
A100459,Mid-Market,Apparel/Soft Goods,Ground,0.52132464547946,16,157.16830530027227,-0.397953135367652
A100460,SME,Health/Beauty,Ground,0.3791320728852484,35,115.74569038723665,-0.6433425105664752
A100461,SME,Home & Bulky,Express,0.21839834705917782,17,275.59107050111515,-0.5655161078296705
A100462,Enterprise,Electronics,Ground,0.26777615204574934,19,73.38180728464476,-0.22661543479551627
A100463,SME,Apparel/Soft Goods,Ground Economy,0.39811812052237416,25,208.59532232949923,-0.5600023449358561
A100464,SME,Home & Bulky,Ground,0.42526444176155614,11,212.25167792885793,-0.3834948629215274
A100465,Mid-Market,Electronics,Ground Economy,0.3129284408275537,10,122.18823239131049,-0.3754172915473652
A100466,Mid-Market,Apparel/Soft Goods,Ground,0.32446582809634666,16,169.26156566581344,-0.3419097172560895
A100467,Enterprise,Apparel/Soft Goods,Ground,0.3958353032644066,33,226.03657959580616,-0.1808472167196456
A100468,SME,Apparel/Soft Goods,Ground,0.33317984270108203,6,210.73057661462735,-0.6683065084910107
A100469,SME,Home & Bulky,Express,0.19064951406616243,18,325.53712491004626,-0.5915971202790928
A100470,SME,Apparel/Soft Goods,Ground,0.23870259753598194,28,210.25456538904132,-0.5475389358220749
A100471,SME,Industrial/B2B,Ground,0.3435119943151665,29,77.54798655962425,-0.5034037235340499
A100472,SME,Home & Bulky,Ground,0.44154824164976936,18,248.44574194728315,-0.5744339907318711
A100473,SME,Industrial/B2B,Ground,0.4815982424162048,4,68.22337036832894,-0.6317934776986949
A100474,SME,Industrial/B2B,Express,0.39795294207714504,1,96.57942352622813,-0.48177531790737743
A100475,SME,Apparel/Soft Goods,Ground Economy,0.3487290761036364,20,232.2963393107173,-0.5496016592871797
A100476,SME,Health/Beauty,Ground,0.39488138859824773,34,202.223740124659,-0.6216154861552218
A100477,SME,Industrial/B2B,Ground Economy,0.2533249149793144,2,79.92625695220865,-0.3902799068505593
A100478,Mid-Market,Electronics,Express,0.30467690397417857,37,114.21563720861604,-0.376718523542892
A100479,SME,Home & Bulky,Ground,0.23758692786605234,28,233.0545010562915,-0.5145834619298282
A100480,SME,Home & Bulky,Ground,0.19512573892922885,1,269.92692121294124,-0.5389590367352097
A100481,SME,Apparel/Soft Goods,Ground Economy,0.3533549011636205,15,224.42790220332938,-0.508615644099318
A100482,SME,Electronics,Ground Economy,0.33855133065847437,10,118.84710336034416,-0.5613540299296019
A100483,SME,Industrial/B2B,Ground,0.3887652484509013,39,107.59847985334312,-0.7086992456848743
A100484,SME,Industrial/B2B,Ground Economy,0.37461118308924474,23,80.0049320391726,-0.5232763959008946
A100485,SME,Apparel/Soft Goods,Ground Economy,0.3442644271323862,14,247.27737901026893,-0.5740661582502639
A100486,SME,Health/Beauty,Express,0.37566166656775546,12,153.57014591175528,-0.7145665795187519
A100487,SME,Home & Bulky,Ground,0.31573169037725235,24,259.4369997487293,-0.5046237147842643
A100488,SME,Industrial/B2B,Ground Economy,0.36128913952224007,1,84.89802641973424,-0.69971071628664
A100489,SME,Apparel/Soft Goods,Ground Economy,0.24738555973136406,11,301.7280412800457,-0.5504391480467364
A100490,Mid-Market,Industrial/B2B,Express,0.356970592563913,7,76.76445985797831,-0.4815680848743008
A100491,Mid-Market,Industrial/B2B,Ground,0.38684176852860097,26,94.82651746688832,-0.42276146412194016
A100492,Mid-Market,Apparel/Soft Goods,Ground,0.2530318571927797,28,181.6417191448474,-0.3975051766671981
A100493,SME,Apparel/Soft Goods,Ground Economy,0.3251832098992847,20,277.4964642978854,-0.5445854687443566
A100494,Mid-Market,Industrial/B2B,Ground Economy,0.25763974903706405,6,104.3665865265471,-0.344429637926885
A100495,SME,Apparel/Soft Goods,Ground Economy,0.2673493303483885,16,184.35837457980475,-0.5562528028720591
A100496,SME,Electronics,Ground,0.20750706448978454,35,131.07205185811452,-0.624032320369152
A100497,Mid-Market,Industrial/B2B,Ground Economy,0.44657749251665557,9,94.1746706846802,-0.3792526484331898
A100498,SME,Electronics,Ground Economy,0.4265685174720048,7,108.84090514134564,-0.5238786185823968
A100499,SME,Home & Bulky,Ground,0.3737433854227337,5,295.4820853662785,-0.5293104409303337
A100500,Mid-Market,Home & Bulky,Express,0.5172195951943814,34,278.21949230368637,-0.4365711669742341
A100501,Mid-Market,Apparel/Soft Goods,Ground,0.30107543034316087,5,218.153411384889,-0.4498342029406918
A100502,Enterprise,Industrial/B2B,Ground,0.6231762415110635,24,89.32090067787428,-0.1979840330456438
A100503,SME,Home & Bulky,Ground,0.29724705846367794,41,280.17335025366367,-0.4948415017605821
A100504,SME,Apparel/Soft Goods,Ground,0.3455193351756016,27,218.67085360441496,-0.5812971108725368
A100505,Mid-Market,Home & Bulky,Ground Economy,0.2802222086059792,17,262.76556798557084,-0.4670693276911635
A100506,SME,Industrial/B2B,Ground,0.3572325560060305,9,79.61554216100147,-0.6445442004357863
A100507,Mid-Market,Apparel/Soft Goods,Ground,0.40356149278862447,1,274.0243639008222,-0.30864442390574504
A100508,SME,Industrial/B2B,Ground,0.3086083606946916,7,72.98319691775353,-0.5282137324756714
A100509,SME,Health/Beauty,Express,0.4976719847117621,40,150.7764327157696,-0.47322520673811524
A100510,SME,Industrial/B2B,Express,0.3439149284633461,6,84.81209997471679,-0.5279302169419912
A100511,Mid-Market,Industrial/B2B,Ground Economy,0.3470485386110199,1,118.50466576507866,-0.4714513697740152
A100512,SME,Industrial/B2B,Ground Economy,0.22910023054862827,34,75.36358289697378,-0.43263544647540114
A100513,SME,Industrial/B2B,Ground Economy,0.3618499074550385,18,78.08873515948262,-0.41644361330438434
A100514,SME,Apparel/Soft Goods,Ground Economy,0.30659727791906344,15,173.340877208703,-0.4816442823417279
A100515,SME,Health/Beauty,Ground Economy,0.2591760270662713,30,148.15131928395536,-0.5737031247125195
A100516,SME,Electronics,Ground Economy,0.24235255918516363,22,90.34210575331733,-0.6012122727028625
A100517,Mid-Market,Electronics,Ground,0.5871763379756685,38,109.66378451323226,-0.4049345607871074
A100518,SME,Industrial/B2B,Ground,0.29365227498209645,20,55.13167366976059,-0.6469940457665588
A100519,Mid-Market,Industrial/B2B,Express,0.1743014579218732,30,93.89482593687507,-0.279504121128666
A100520,Mid-Market,Health/Beauty,Ground Economy,0.25017785402674275,37,127.39458555934219,-0.4477351826864594
A100521,SME,Electronics,Ground Economy,0.31484321605237864,20,87.85797433107197,-0.524252136096181
A100522,SME,Home & Bulky,Ground,0.3746667032616485,12,310.80652005918597,-0.6103482805589017
A100523,SME,Home & Bulky,Ground Economy,0.3754796521725314,40,198.80118915558484,-0.4408174022920357
A100524,SME,Home & Bulky,Ground Economy,0.38766145517765255,10,297.2969646933205,-0.5504089275032484
A100525,SME,Home & Bulky,Express,0.255513969336267,2,227.19128943737076,-0.5694923385735936
A100526,Enterprise,Apparel/Soft Goods,Ground Economy,0.3540440443501546,24,270.5393980844471,-0.2581397842374478
A100527,Enterprise,Apparel/Soft Goods,Ground Economy,0.23239405358894216,41,238.3330103714083,-0.16768659745394376
A100528,Mid-Market,Health/Beauty,Ground,0.25803570169859885,4,114.5971936539745,-0.38175289526648953
A100529,SME,Home & Bulky,Ground,0.22822910254997406,35,217.08053655655766,-0.46046808848077325
A100530,Mid-Market,Industrial/B2B,Ground,0.20116111454017305,35,99.80950832463381,-0.40881327451987165
A100531,Mid-Market,Electronics,Ground Economy,0.4264209488858009,39,114.3326323766604,-0.42430134257799923
A100532,SME,Apparel/Soft Goods,Ground,0.3888611700978888,18,203.59885323459238,-0.6561915450069172
A100533,Mid-Market,Apparel/Soft Goods,Ground Economy,0.417666536997813,11,258.0906289749853,-0.34950332110442267
A100534,SME,Apparel/Soft Goods,Ground,0.32393130660242964,21,181.69956058661566,-0.6264961850693253
A100535,SME,Industrial/B2B,Ground,0.3976807698865147,6,91.47895910924235,-0.662274380966857
A100536,SME,Apparel/Soft Goods,Express,0.1438710595357455,35,246.08493060005716,-0.41443212498692406
A100537,SME,Electronics,Ground Economy,0.4063087518045355,28,137.47693774912895,-0.6005184559081223
A100538,SME,Industrial/B2B,Ground,0.33771198300050304,20,87.41427478616511,-0.6290771784368588
A100539,Mid-Market,Industrial/B2B,Ground Economy,0.38271096001491656,22,85.31972473018693,-0.3652525959759161
A100540,Enterprise,Apparel/Soft Goods,Ground Economy,0.3580023299048613,30,144.2727755167088,-0.18004447194167142
A100541,SME,Apparel/Soft Goods,Ground Economy,0.22129448454631134,22,170.0739392772556,-0.6277938498790473
A100542,Mid-Market,Apparel/Soft Goods,Ground,0.17019602246089535,35,222.0339787645249,-0.3116279968292079
A100543,Enterprise,Apparel/Soft Goods,Ground Economy,0.24879458338170368,38,204.78805325798348,-0.21411440266114024
A100544,SME,Apparel/Soft Goods,Ground,0.37649172812729126,39,212.83224356980335,-0.5466897652312255
A100545,SME,Electronics,Ground Economy,0.38900914151753957,26,142.44787796809572,-0.6090318892655799
A100546,SME,Industrial/B2B,Express,0.18320577226181373,31,70.76536563319115,-0.49830289634021613
A100547,SME,Electronics,Ground,0.22189006325317856,13,114.89850547177475,-0.49352184567170204
A100548,Mid-Market,Electronics,Ground Economy,0.24767643140591605,2,124.07615680968232,-0.3856381822894973
A100549,SME,Apparel/Soft Goods,Ground Economy,0.28426949397331847,17,183.3827543596833,-0.6330272144036294
A100550,SME,Industrial/B2B,Ground Economy,0.1837949169147348,36,113.18992924562417,-0.7387146250538846
A100551,SME,Electronics,Express,0.17779482338598673,6,139.62547491484398,-0.42563280101825113
A100552,SME,Industrial/B2B,Ground Economy,0.2378164703592446,23,94.70015989883784,-0.5760157164673927
A100553,Enterprise,Industrial/B2B,Ground,0.3286253836225006,8,119.06655482512309,-0.18414434413426836
A100554,SME,Home & Bulky,Ground,0.20194056602465094,18,189.85170091424533,-0.6340519275645563
A100555,SME,Apparel/Soft Goods,Ground,0.30841964900282337,6,209.70794657420524,-0.4725700748469883
A100556,SME,Apparel/Soft Goods,Ground,0.42585528161418157,31,223.8475374257075,-0.4943415219999583
A100557,SME,Home & Bulky,Ground,0.189822026258649,34,217.19882381004444,-0.5013851541272203
A100558,SME,Industrial/B2B,Express,0.29935542415894606,32,94.8715755774472,-0.5437135875556162
A100559,SME,Home & Bulky,Ground Economy,0.4224756733750773,29,208.2119392907273,-0.5766638017408434
A100560,SME,Health/Beauty,Ground,0.2781731609636191,10,157.40204442051117,-0.5899053649727024
A100561,SME,Electronics,Ground Economy,0.2626330309141581,22,142.8492309915844,-0.5495241774399204
A100562,Mid-Market,Apparel/Soft Goods,Ground,0.4363495814306474,5,220.2942025626508,-0.30419621172088684
A100563,Mid-Market,Home & Bulky,Express,0.2893797921028452,16,173.28906225496056,-0.42148381056768075
A100564,Mid-Market,Health/Beauty,Ground,0.4304495025205568,21,115.63680326661594,-0.37698135617120737
A100565,Mid-Market,Health/Beauty,Ground,0.3628965391127199,28,154.23069208097166,-0.44621888303083784
A100566,Mid-Market,Home & Bulky,Ground Economy,0.28571553470901634,4,260.9920965163787,-0.33965888956964363
A100567,SME,Apparel/Soft Goods,Ground,0.367969053059753,34,108.16670105122397,-0.41781233499354303
A100568,SME,Health/Beauty,Ground Economy,0.3520449513846038,19,171.31932567347965,-0.5471928547786463
A100569,SME,Apparel/Soft Goods,Ground,0.4220882821002474,37,215.16561593639486,-0.6569160967834519
A100570,SME,Industrial/B2B,Ground,0.26516544621349813,22,76.73099044319927,-0.5632777262708243
A100571,Mid-Market,Apparel/Soft Goods,Ground Economy,0.32412060667816195,23,247.6093215880199,-0.36861882144714714
A100572,SME,Apparel/Soft Goods,Ground Economy,0.3138484320395363,29,184.38898751211923,-0.4781963710432618
A100573,Mid-Market,Electronics,Ground Economy,0.3904148141639785,34,105.12943425974896,-0.4801926886008069
A100574,Mid-Market,Electronics,Ground Economy,0.21748208055558244,7,127.74041726190319,-0.3213126520915676
A100575,SME,Electronics,Ground Economy,0.4216977048237856,21,158.47043071963358,-0.49015497374567024
A100576,Enterprise,Home & Bulky,Express,0.3666328772170417,2,335.9838799291311,-0.23881112847077277
A100577,SME,Industrial/B2B,Ground,0.18830749263670538,20,95.82732628224653,-0.39687829308433986
A100578,Mid-Market,Electronics,Ground Economy,0.44082628254805006,34,129.98753023116691,-0.45265166792673633
A100579,SME,Home & Bulky,Ground,0.5434093080797732,36,297.0421500215698,-0.6014959319229319
A100580,SME,Home & Bulky,Ground,0.4201833969549408,12,201.17316399271445,-0.6241865634244166
A100581,SME,Apparel/Soft Goods,Ground Economy,0.46269847672264697,16,234.34880714434496,-0.5960446534858466
A100582,SME,Electronics,Ground Economy,0.3285371381602588,23,104.1440130880998,-0.5367073098098495
A100583,SME,Apparel/Soft Goods,Ground Economy,0.153849508026149,17,222.03847092491074,-0.4622902314121776
A100584,Enterprise,Electronics,Ground Economy,0.1355879548832475,8,115.08669924368151,-0.21537751043957631
A100585,Mid-Market,Apparel/Soft Goods,Ground,0.3455082043867759,13,228.9456747649173,-0.32441153023009983
A100586,SME,Industrial/B2B,Express,0.260802119227002,17,91.91327613310465,-0.5901078130813017
A100587,SME,Home & Bulky,Ground Economy,0.22854237216726486,22,116.18218332556319,-0.6165593360202184
A100588,SME,Industrial/B2B,Ground,0.3137253316031325,38,92.89804572962393,-0.6718367120738522
A100589,SME,Home & Bulky,Ground Economy,0.38155852878612884,23,290.0527581676055,-0.5806708303456112
A100590,Enterprise,Apparel/Soft Goods,Ground,0.17472424532378528,16,226.85609156719354,-0.25051098676764116
A100591,SME,Industrial/B2B,Ground,0.2751122379719615,28,88.33810767142101,-0.5254855591785133
A100592,SME,Electronics,Ground Economy,0.4709870683120315,32,155.47069254569675,-0.510542136114324
A100593,SME,Health/Beauty,Ground Economy,0.21247116197786253,18,147.84660285386587,-0.5890779309923861
A100594,SME,Home & Bulky,Ground,0.40697611871649564,21,280.4831104490374,-0.518115988000855
A100595,SME,Electronics,Express,0.27152692384510063,9,142.56102491149227,-0.5722078275782818
A100596,Mid-Market,Industrial/B2B,Ground Economy,0.3745793759849953,36,95.87400659508491,-0.319512045207881
A100597,Mid-Market,Electronics,Ground Economy,0.4297327507202867,36,100.6028165262532,-0.3297472220988508
A100598,Enterprise,Home & Bulky,Ground Economy,0.3941281766985022,8,145.88580903511368,-0.24096850693360358
A100599,Mid-Market,Health/Beauty,Ground,0.41091596022138765,15,127.97655326914435,-0.4305413342981475
A100600,SME,Health/Beauty,Ground,0.20484064665920437,12,159.17582725220416,-0.4686833660602489
A100601,Mid-Market,Industrial/B2B,Ground,0.4313659706741299,38,84.27983943103155,-0.418225015698866
A100602,Enterprise,Home & Bulky,Ground,0.23473068853651802,3,297.495147822785,-0.20241972278983594
A100603,Mid-Market,Home & Bulky,Express,0.3459541765571538,9,266.96047863306876,-0.38094079504341766
A100604,Enterprise,Industrial/B2B,Ground,0.3458246186997227,13,110.8666703382474,-0.2667591657210913
A100605,Mid-Market,Electronics,Ground Economy,0.36851225588695813,23,113.6233191261937,-0.42602677233930814
A100606,Mid-Market,Health/Beauty,Ground,0.35369566760601906,11,151.78389362950574,-0.42536470331726495
A100607,SME,Home & Bulky,Ground Economy,0.23561900214752768,23,283.6754210202548,-0.7074752045726997
A100608,Mid-Market,Apparel/Soft Goods,Ground Economy,0.18501325877042837,31,266.7605507854591,-0.33987887756016155
A100609,SME,Health/Beauty,Express,0.40723486799617686,34,96.9927398803762,-0.468665314563115
A100610,SME,Apparel/Soft Goods,Ground,0.3385834577518916,5,192.67216722189065,-0.4904249127061413
A100611,Mid-Market,Apparel/Soft Goods,Express,0.4349376840957818,6,242.07390878368548,-0.36549343995582295
A100612,Enterprise,Electronics,Ground,0.31552670658121323,4,153.3913639632188,-0.14229982972836752
A100613,Enterprise,Health/Beauty,Ground,0.17948356393230397,38,146.04980211858043,-0.21315486818900525
A100614,SME,Industrial/B2B,Ground,0.4166129681004106,27,85.25819253637192,-0.5050729146186698
A100615,Mid-Market,Apparel/Soft Goods,Ground Economy,0.2829629390338893,22,238.61907433589403,-0.42467430674167456
A100616,Mid-Market,Apparel/Soft Goods,Ground Economy,0.35420034574210213,33,242.83696112375762,-0.4000879046035723
A100617,SME,Industrial/B2B,Ground,0.2552540571520481,25,84.17348080558963,-0.5004425282090297
A100618,SME,Apparel/Soft Goods,Ground Economy,0.48443017102336905,10,222.48561640031122,-0.5986717697424396
A100619,SME,Apparel/Soft Goods,Express,0.23234351758168031,21,254.62393051917243,-0.6096692024354611
A100620,Mid-Market,Home & Bulky,Ground Economy,0.2862570245893825,29,348.4734808852443,-0.3361928899818896
A100621,SME,Electronics,Ground Economy,0.33074487026973165,2,136.0402671194823,-0.5093254989309505
A100622,Enterprise,Industrial/B2B,Ground,0.21078176729130418,25,90.71505012598261,-0.14656301482576659
A100623,SME,Health/Beauty,Ground Economy,0.3530519528587595,21,138.6373055638447,-0.460020552114534
A100624,Enterprise,Health/Beauty,Express,0.48119104774674903,3,154.0463932412793,-0.1954985045060219
A100625,SME,Apparel/Soft Goods,Ground,0.27095378393062897,11,205.62756655427677,-0.5561187095699969
A100626,Mid-Market,Home & Bulky,Ground Economy,0.3595142819031726,19,268.8751753542478,-0.3261131872764905
A100627,SME,Home & Bulky,Ground,0.05,15,210.49139081995506,-0.5076402110684486
A100628,SME,Apparel/Soft Goods,Ground,0.31610707995151593,12,259.0287620273658,-0.4489102187694356
A100629,Mid-Market,Apparel/Soft Goods,Ground,0.28869577140737945,27,166.90101731377996,-0.3897534922162824
A100630,Enterprise,Home & Bulky,Ground,0.2381502397589615,17,239.777169610799,-0.23404858162130196
A100631,Mid-Market,Apparel/Soft Goods,Ground,0.4281450469628532,21,213.68902526019855,-0.4029348248599299
A100632,SME,Electronics,Ground,0.28737563183761716,33,163.0053166055946,-0.551019793382184
A100633,SME,Health/Beauty,Ground Economy,0.30225225129064126,4,129.34838878172135,-0.422861477788635
A100634,SME,Apparel/Soft Goods,Ground,0.2822807125210929,15,184.82460223229702,-0.4988538227288398
A100635,SME,Electronics,Express,0.12831841282349235,3,108.10235458559005,-0.5163971995337251
A100636,Mid-Market,Health/Beauty,Ground,0.2068013559923039,39,181.80420862380507,-0.35701216716352435
A100637,Mid-Market,Health/Beauty,Ground,0.41610934861202165,8,69.12885576364826,-0.38427392942542066
A100638,Mid-Market,Industrial/B2B,Ground,0.10900493531200281,34,73.75564420319289,-0.4612558582251481
A100639,Mid-Market,Home & Bulky,Ground,0.24336846503842946,8,387.824311588667,-0.4262894841230222
A100640,Mid-Market,Industrial/B2B,Express,0.2800279943710236,14,99.57228959056452,-0.3237114865486244
A100641,Mid-Market,Apparel/Soft Goods,Ground Economy,0.49436218672915655,25,168.19376891497748,-0.4186689638919081
A100642,SME,Home & Bulky,Ground Economy,0.3968603765496369,35,258.03823843422066,-0.6028249453324233
A100643,SME,Apparel/Soft Goods,Ground,0.26428294729469004,8,212.54978259736518,-0.48349943348149593
A100644,Mid-Market,Home & Bulky,Ground,0.4504513697115551,9,299.59866150838235,-0.42838535759022
A100645,Mid-Market,Home & Bulky,Ground,0.24594841794988803,37,346.088693732096,-0.37085853175112
A100646,SME,Apparel/Soft Goods,Ground Economy,0.42090998037340055,14,224.68725355235435,-0.43367883707380833
A100647,SME,Health/Beauty,Ground,0.18411227540769845,9,126.39733476407339,-0.5875542247825642
A100648,Mid-Market,Home & Bulky,Ground,0.42732578317891573,31,296.835551890196,-0.39236682394602784
A100649,SME,Apparel/Soft Goods,Ground,0.27938663545290143,4,183.60604805858384,-0.5312165955921693
A100650,SME,Apparel/Soft Goods,Ground,0.21714957590587303,36,170.93984265161467,-0.5469101204888779
A100651,Mid-Market,Home & Bulky,Ground,0.29828563869236857,36,177.63626479243834,-0.33901212770335765
A100652,Mid-Market,Home & Bulky,Ground,0.3477344179720215,36,186.75199113738122,-0.41477743871643524
A100653,SME,Home & Bulky,Ground,0.2705251569474288,13,218.0463666933841,-0.5464153226530136
A100654,Mid-Market,Apparel/Soft Goods,Ground,0.3753953505995324,5,165.47954678090707,-0.38948758410504897
A100655,SME,Health/Beauty,Ground,0.26170061163359326,18,147.89356048984288,-0.5794642087653821
A100656,Mid-Market,Industrial/B2B,Ground,0.38203723939313583,14,70.56969042165063,-0.3141886199776995
A100657,SME,Electronics,Ground Economy,0.36422220620365997,40,52.09680787626553,-0.47622165069473077
A100658,SME,Electronics,Ground Economy,0.3139076945292065,26,97.45150566886754,-0.36767958208166274
A100659,SME,Industrial/B2B,Ground,0.275861768763405,39,82.355873706913,-0.5965912363254586
A100660,SME,Industrial/B2B,Express,0.3351540795765266,31,80.19171829647416,-0.4499926730408918
A100661,Mid-Market,Electronics,Ground,0.3750253743033699,30,152.82173307307838,-0.3875564734640522
A100662,SME,Industrial/B2B,Ground Economy,0.5261799152731609,5,80.06061053951578,-0.5806065285575132
A100663,SME,Industrial/B2B,Ground,0.4139420421798181,3,104.27096010382701,-0.599694109208633
A100664,SME,Health/Beauty,Ground Economy,0.41759899498158415,2,139.52163848804227,-0.45066860460852515
A100665,Mid-Market,Home & Bulky,Ground,0.6288512194860284,25,258.02013883852237,-0.37628578776598065
A100666,Mid-Market,Apparel/Soft Goods,Ground,0.37159584767678444,9,178.4226250815442,-0.47520598398490166
A100667,Enterprise,Apparel/Soft Goods,Ground,0.36846435113117026,41,207.778015770247,-0.27657238443948245
A100668,SME,Home & Bulky,Ground,0.3904015074321654,6,224.19350126120088,-0.6314541552572235
A100669,SME,Electronics,Ground Economy,0.2191034022411747,39,123.67252518789871,-0.5778431839525543
A100670,SME,Home & Bulky,Ground,0.2756098363581244,28,248.9435171932114,-0.4670787229202564
A100671,SME,Electronics,Express,0.2693830733307666,5,99.59603664306144,-0.6092862840947619
A100672,Enterprise,Electronics,Ground,0.38476139772195617,3,141.42491773753287,-0.21478529945135424
A100673,Mid-Market,Industrial/B2B,Ground,0.30258254377788013,17,96.91481577634708,-0.4119501116905521
A100674,SME,Apparel/Soft Goods,Ground Economy,0.33382234254743026,14,193.06322864942302,-0.4977904149747004
A100675,SME,Apparel/Soft Goods,Ground Economy,0.4287454620148465,13,215.49963717793474,-0.535733018190706
A100676,Enterprise,Health/Beauty,Ground Economy,0.4063150738704139,22,137.88767245815052,-0.22541686288252205
A100677,SME,Industrial/B2B,Ground Economy,0.3038278996958753,6,75.94502681633496,-0.5703179425482434
A100678,SME,Industrial/B2B,Ground Economy,0.25300049031217775,6,91.14203891014286,-0.5907321239429705
A100679,SME,Industrial/B2B,Express,0.43352747316531887,29,79.93960957212053,-0.5022164137766959
A100680,SME,Industrial/B2B,Ground,0.3973891180909866,41,74.69207186295439,-0.4391790327009083
A100681,SME,Home & Bulky,Ground Economy,0.15937431817046177,12,184.05448894352662,-0.6840447657917331
A100682,SME,Home & Bulky,Ground Economy,0.2886846061091719,39,243.21717585439208,-0.7553634689444271
A100683,SME,Apparel/Soft Goods,Ground Economy,0.33655154620167627,15,231.43149093226475,-0.5869122086741962
A100684,Mid-Market,Electronics,Ground,0.39788297171210313,14,104.99535796701663,-0.3045324506003837
A100685,SME,Industrial/B2B,Ground Economy,0.41101014949397713,4,130.8354808129591,-0.4862114028604627
A100686,SME,Home & Bulky,Ground,0.34839060011754736,18,301.45008859094787,-0.5920021994467051
A100687,Enterprise,Electronics,Ground,0.3785247531358856,21,148.17353086546632,-0.26425681518548244
A100688,Mid-Market,Home & Bulky,Ground Economy,0.32641368023781536,28,297.21737296505194,-0.3108652338311142
A100689,SME,Apparel/Soft Goods,Ground,0.25261483118194394,7,280.03829605267805,-0.5397425422799657
A100690,SME,Apparel/Soft Goods,Express,0.29387356089587463,8,180.2513250247379,-0.5661643953166275
A100691,Mid-Market,Apparel/Soft Goods,Ground,0.32189911866401083,18,113.2041268221041,-0.4292809717232949
A100692,SME,Industrial/B2B,Ground Economy,0.316532074998141,3,82.77276514468329,-0.5216529097119688
A100693,SME,Home & Bulky,Express,0.13144270955565293,6,286.1246293356247,-0.42098528796594126
A100694,Enterprise,Industrial/B2B,Express,0.2802516665070569,26,92.45457494231725,-0.24049951946194578
A100695,SME,Health/Beauty,Ground,0.3256205653089152,40,146.94190979638816,-0.6427956671266272
A100696,Mid-Market,Apparel/Soft Goods,Ground,0.2918630008094299,24,259.9303981009212,-0.37529228668052583
A100697,SME,Apparel/Soft Goods,Ground Economy,0.2953176204488414,6,224.4417763146825,-0.5834323075327805
A100698,Mid-Market,Industrial/B2B,Ground,0.36879913708045875,41,102.94238942697454,-0.35295399992265697
A100699,SME,Apparel/Soft Goods,Ground,0.21210428129513662,22,174.48452835796573,-0.4802237444351138
A100700,SME,Industrial/B2B,Ground Economy,0.15719577860487888,30,72.25462223470021,-0.6346801186451455
A100701,SME,Apparel/Soft Goods,Ground,0.2851830209163325,9,271.0135062903256,-0.581968407444693
A100702,SME,Health/Beauty,Express,0.39641144055017896,24,142.5427186857061,-0.5904554094506553
A100703,Mid-Market,Industrial/B2B,Ground,0.48875530394866384,4,79.90368722817261,-0.46562056343569297
A100704,SME,Apparel/Soft Goods,Ground Economy,0.398212823909474,26,186.51128814391893,-0.46297550741871774
A100705,SME,Apparel/Soft Goods,Ground Economy,0.17317362401311528,9,185.46314600207387,-0.5044578328768476
A100706,Mid-Market,Industrial/B2B,Express,0.2967632760623229,38,78.51486385905736,-0.3890022008835776
A100707,Mid-Market,Apparel/Soft Goods,Express,0.3456634381081529,3,161.49701306158167,-0.3478341454476092
A100708,SME,Home & Bulky,Ground,0.3377591116923592,27,189.7803251760802,-0.6146087641599771
A100709,SME,Home & Bulky,Ground,0.3739304552942874,6,250.87379512577317,-0.5345395642754214
A100710,Enterprise,Apparel/Soft Goods,Ground,0.22829510535392394,29,187.5874021018889,-0.18724641735259276
A100711,Mid-Market,Health/Beauty,Ground,0.3264943087550743,21,167.90041399317104,-0.38374898548569675
A100712,Mid-Market,Health/Beauty,Ground Economy,0.3620322829776129,40,147.3855316623263,-0.38970930993598696
A100713,Enterprise,Home & Bulky,Ground Economy,0.40256709533036594,27,272.4168674276496,-0.2508445080755789
A100714,Mid-Market,Industrial/B2B,Ground Economy,0.2394281833387208,16,77.96144939761791,-0.4024090314794032
A100715,SME,Apparel/Soft Goods,Ground,0.2854843132757102,4,205.42512588351693,-0.5880445772871865
A100716,SME,Apparel/Soft Goods,Ground Economy,0.05,25,223.64584171726847,-0.5764240639305961
A100717,SME,Electronics,Ground Economy,0.25785380324222257,19,135.4698279777938,-0.5344716419934158
A100718,Mid-Market,Industrial/B2B,Ground,0.2675585107028957,3,88.47895241040247,-0.33917551043865796
A100719,Enterprise,Apparel/Soft Goods,Ground Economy,0.2180415491832557,24,250.7908788584551,-0.2295316656047594
A100720,SME,Apparel/Soft Goods,Ground Economy,0.3365612150232652,9,210.30199587672027,-0.5225172068145997
A100721,SME,Electronics,Ground,0.31440545679547316,10,137.1254977599819,-0.6894103661863838
A100722,SME,Industrial/B2B,Ground Economy,0.09407861224223885,1,82.06439422085577,-0.6607300393187906
A100723,Enterprise,Apparel/Soft Goods,Ground,0.34155079693017565,16,141.48415974370533,-0.2408836913676031
A100724,SME,Home & Bulky,Express,0.22716758692109726,9,272.55920063926686,-0.5812235224916713
A100725,SME,Health/Beauty,Ground Economy,0.3685688959190515,3,158.27816639129497,-0.542743378294053
A100726,SME,Home & Bulky,Express,0.19181487522713345,18,286.9262551285942,-0.4459572921638614
A100727,SME,Apparel/Soft Goods,Express,0.323000653853094,10,225.95865580233524,-0.5321657915759379
A100728,SME,Apparel/Soft Goods,Ground,0.2916836671113494,6,196.8234126869015,-0.5583655027559337
A100729,SME,Home & Bulky,Ground,0.35031018849503304,20,222.24427543234629,-0.5689301591416847
A100730,SME,Home & Bulky,Ground,0.33246972776513467,3,285.82088299124894,-0.5887367502788058
A100731,SME,Industrial/B2B,Ground,0.29448358249785456,41,96.90844814241206,-0.626009741324909
A100732,SME,Electronics,Ground,0.16637276859557554,20,107.88457963777336,-0.49289728908533853
A100733,SME,Health/Beauty,Ground Economy,0.17227920365389685,41,167.95748956763984,-0.4936462624052566
A100734,SME,Industrial/B2B,Express,0.2616113060907781,37,75.69757866432887,-0.6696956760788106
A100735,Mid-Market,Home & Bulky,Ground,0.3191720116070413,41,232.6911058725793,-0.4239459505840094
A100736,SME,Home & Bulky,Ground,0.2591752052800883,23,336.5846999375899,-0.5177613972740011
A100737,SME,Industrial/B2B,Ground Economy,0.3825211930579466,18,104.07102739128939,-0.5411550785614405
A100738,SME,Apparel/Soft Goods,Ground Economy,0.29207790807883166,30,196.46724823731935,-0.541526099399321
A100739,SME,Health/Beauty,Ground,0.22349872752204897,4,147.24199388301747,-0.5526048650882142
A100740,SME,Health/Beauty,Ground,0.29219037070120907,35,143.90076456200072,-0.5889963551096856
A100741,SME,Apparel/Soft Goods,Ground,0.34258598363165527,14,106.2157959038551,-0.7591369015532361
A100742,Mid-Market,Home & Bulky,Ground Economy,0.35248847188245847,1,217.57701916464575,-0.3908161239862712
A100743,SME,Apparel/Soft Goods,Ground Economy,0.5078379131993129,10,208.07799787326914,-0.6046643474100832
A100744,SME,Apparel/Soft Goods,Ground,0.25310906599965804,10,196.52008618605822,-0.41086567173931327
A100745,SME,Home & Bulky,Ground Economy,0.31265213384095997,1,271.5644000340637,-0.5099957505957462
A100746,SME,Home & Bulky,Express,0.3626123946819426,28,312.85977224596263,-0.65137723772412
A100747,SME,Health/Beauty,Ground Economy,0.3176577040799185,4,131.89729822672103,-0.5831910197869209
A100748,Mid-Market,Industrial/B2B,Ground Economy,0.2699381854011347,35,72.86599230280959,-0.12982046866270433
A100749,Mid-Market,Industrial/B2B,Ground Economy,0.16507428236557564,19,95.26259686787894,-0.41841932253202324
A100750,SME,Apparel/Soft Goods,Ground,0.26891654409469845,30,197.65363799113703,-0.7082485625568735
A100751,SME,Apparel/Soft Goods,Ground,0.2126297587282199,14,204.10079966893207,-0.3853376241451171
A100752,SME,Apparel/Soft Goods,Ground,0.14733933188762216,6,198.97095341601363,-0.6753494832407548
A100753,SME,Apparel/Soft Goods,Express,0.24043211583294136,8,294.7414688404152,-0.3213136604733609
A100754,Mid-Market,Industrial/B2B,Ground Economy,0.21529082792335455,27,53.70059097183329,-0.4334659398680445
A100755,SME,Home & Bulky,Ground,0.3783786545292948,30,241.82597333339214,-0.5492864883539902
A100756,SME,Apparel/Soft Goods,Ground Economy,0.3801091837414294,11,209.86055483049077,-0.35612737474231915
A100757,Enterprise,Industrial/B2B,Ground Economy,0.2296120710419125,15,77.34549162501898,-0.23472254829891295
A100758,SME,Home & Bulky,Ground,0.2939771369436879,39,302.11184894360366,-0.6449442793050449
A100759,SME,Apparel/Soft Goods,Ground Economy,0.13417573378874645,35,240.74114025560235,-0.5800206778152798
A100760,Mid-Market,Apparel/Soft Goods,Ground,0.2705660049817306,17,208.19487542113316,-0.41333517531239794
A100761,SME,Electronics,Ground,0.3598981900702346,10,114.15344688457621,-0.5160367207320274
A100762,SME,Health/Beauty,Ground,0.4024937889614103,13,137.1786877773625,-0.3964353451942657
A100763,SME,Apparel/Soft Goods,Ground,0.24869529183086864,23,206.03906449211277,-0.6070787818428078
A100764,Enterprise,Industrial/B2B,Ground,0.42518548605275197,24,88.73035694436264,-0.2777418793417277
A100765,SME,Industrial/B2B,Ground Economy,0.16843080784865283,8,86.95441455542785,-0.6431904204737655
A100766,SME,Industrial/B2B,Ground Economy,0.19523722008562075,3,94.08967889639676,-0.38600024405788896
A100767,SME,Apparel/Soft Goods,Ground Economy,0.3909661865637876,21,238.47141605049327,-0.425021211405098
A100768,SME,Apparel/Soft Goods,Ground,0.48711212285632477,33,163.4961664207738,-0.48020766130171944
A100769,Mid-Market,Industrial/B2B,Express,0.3693431988183695,7,72.97924483242299,-0.28920039927703184
A100770,SME,Home & Bulky,Ground Economy,0.31596576134659876,17,178.16935622017112,-0.5536456683633733
A100771,SME,Electronics,Ground,0.10048162534777913,7,138.71418384772414,-0.5824568039273932
A100772,SME,Health/Beauty,Ground,0.11775529439565208,10,146.3081469883997,-0.43200410413250473
A100773,Mid-Market,Apparel/Soft Goods,Ground,0.3329409536895869,26,229.09911210225874,-0.42429632217870505
A100774,SME,Health/Beauty,Ground,0.28419373304288253,12,103.97664439324059,-0.5995910753816512
A100775,Mid-Market,Industrial/B2B,Ground,0.20941648178478822,11,118.91615959065824,-0.3487549298839089
A100776,SME,Health/Beauty,Ground,0.32655325808300506,41,124.65695711473698,-0.5357669361563213
A100777,SME,Home & Bulky,Express,0.331513136750781,8,267.8720317728068,-0.38914140300862493
A100778,Mid-Market,Industrial/B2B,Ground Economy,0.41444158685402727,8,103.84103150298962,-0.3610610570916368
A100779,Mid-Market,Electronics,Express,0.33366022830127007,39,98.68123727480486,-0.38042094352542855
A100780,SME,Health/Beauty,Ground Economy,0.44283943683343846,23,126.2326261654808,-0.5639216766063256
A100781,Enterprise,Industrial/B2B,Ground,0.32079940295488135,2,92.90258274853416,-0.23250293809666575
A100782,SME,Health/Beauty,Ground Economy,0.3084665005192664,18,212.0083215017106,-0.5701499438165223
A100783,SME,Home & Bulky,Ground Economy,0.4264312186247182,24,274.0926379654747,-0.5281916449755822
A100784,Enterprise,Apparel/Soft Goods,Ground Economy,0.22215591199585655,11,270.72045149384115,-0.22944443310429244
A100785,SME,Apparel/Soft Goods,Ground,0.6014447453266162,23,255.57444488825593,-0.6326676394480955
A100786,Mid-Market,Electronics,Ground Economy,0.35752574781667357,27,127.9490167882816,-0.3745566098213503
A100787,SME,Electronics,Ground Economy,0.35808292528376734,11,98.63337133277734,-0.5762015784936134
A100788,Mid-Market,Electronics,Ground,0.37250959739725975,34,142.89067799367388,-0.36938824942814524
A100789,SME,Home & Bulky,Ground,0.5077136475331643,19,189.8884360108714,-0.4966423893904354
A100790,SME,Health/Beauty,Ground,0.39925074116726067,40,180.3420531166627,-0.5931375725207024
A100791,SME,Industrial/B2B,Express,0.15949440209960764,4,93.24008599313574,-0.5041938596059581
A100792,SME,Apparel/Soft Goods,Ground,0.4603470384767504,14,109.82154991212896,-0.5818571193318558
A100793,SME,Health/Beauty,Ground Economy,0.28591034205549826,30,131.41924640519767,-0.5523310681495788
A100794,SME,Health/Beauty,Ground Economy,0.33071550728393234,37,156.4794850872581,-0.5249253891870882
A100795,SME,Electronics,Express,0.19207460278247335,10,114.88028434234104,-0.5229282163479005
A100796,SME,Apparel/Soft Goods,Ground Economy,0.3726202018123896,41,237.02721965555705,-0.5080800181257059
A100797,SME,Health/Beauty,Ground,0.2548625709932448,8,118.57939097365015,-0.41422140330265644
A100798,Mid-Market,Industrial/B2B,Express,0.33001696379934736,18,68.84308556084076,-0.4018250204242165
A100799,Mid-Market,Health/Beauty,Express,0.2915900994639217,13,138.19957584320034,-0.3931981690408643
A100800,Mid-Market,Industrial/B2B,Ground,0.5125012801735852,18,90.51136381009663,-0.42843120438956417
A100801,SME,Industrial/B2B,Ground,0.5182260300145589,37,84.35617351279039,-0.5061548055596895
A100802,Mid-Market,Home & Bulky,Ground,0.32465131702147415,31,317.43722566285464,-0.48803686665217005
A100803,SME,Electronics,Ground,0.3263977711368855,33,101.63552069699635,-0.5186717843024053
A100804,SME,Home & Bulky,Ground Economy,0.2826557033650485,11,274.6561504231539,-0.47780345451893763
A100805,SME,Industrial/B2B,Ground Economy,0.43060062915027864,39,91.10111353285072,-0.4680209941129802
A100806,Mid-Market,Apparel/Soft Goods,Ground,0.2871080129666623,18,151.15613700925604,-0.2811664230159093
A100807,SME,Home & Bulky,Ground Economy,0.27786627253543006,27,198.26938740431362,-0.6764418011224331
A100808,SME,Industrial/B2B,Ground,0.41785928636649644,29,90.19295846322782,-0.6631130597384147
A100809,Enterprise,Home & Bulky,Ground Economy,0.26617009046833506,28,352.7201599385499,-0.23982459037519704
A100810,SME,Health/Beauty,Express,0.31622449655514695,25,154.59759925985003,-0.47607267335849823
A100811,SME,Home & Bulky,Ground,0.16186892184890073,20,179.24029018323122,-0.6994295837286274
A100812,Enterprise,Industrial/B2B,Ground,0.3904190345123167,27,40.0,-0.20839326766978536
A100813,SME,Industrial/B2B,Ground,0.514086693918187,38,101.87546820667094,-0.5278053689238013
A100814,SME,Home & Bulky,Ground Economy,0.3921225372799792,16,255.49720899896028,-0.6685738741359764
A100815,Mid-Market,Health/Beauty,Ground,0.4661799167547305,21,168.75990243166132,-0.41755790331540976
A100816,Mid-Market,Home & Bulky,Ground Economy,0.23538978638226693,8,218.78240131070453,-0.5054628789090118
A100817,SME,Electronics,Express,0.3436324282028201,15,127.56458995374417,-0.5705195864763192
A100818,Mid-Market,Health/Beauty,Ground,0.22568400756306106,32,161.32357126830215,-0.3573692444240127
A100819,SME,Industrial/B2B,Express,0.29722344544186574,27,82.751089061055,-0.49952609711456686
A100820,SME,Apparel/Soft Goods,Express,0.3972211477352505,9,193.89396544526574,-0.3976228153817733
A100821,SME,Apparel/Soft Goods,Express,0.33018206131032984,23,210.95493501551914,-0.5270158487434882
A100822,SME,Health/Beauty,Ground Economy,0.17873589773987783,34,153.67544393332028,-0.6444289504532589
A100823,Mid-Market,Electronics,Express,0.18849708944622465,6,119.69038550254272,-0.41413354784139594
A100824,Mid-Market,Electronics,Ground,0.1818836068509226,3,141.0383208956049,-0.3811575563739431
A100825,SME,Apparel/Soft Goods,Ground,0.36914525899395906,17,192.53884984570627,-0.46791790838515285
A100826,SME,Home & Bulky,Ground,0.5263894535656668,27,197.83110438432647,-0.5687170239860508
A100827,SME,Industrial/B2B,Ground Economy,0.45624582440002126,13,122.02700096343352,-0.6335571306786183
A100828,Mid-Market,Apparel/Soft Goods,Ground Economy,0.13040148008539357,34,187.14484475869554,-0.40455099761878915
A100829,SME,Home & Bulky,Ground Economy,0.4621075938069784,35,233.39691048200942,-0.5637556514947522
A100830,SME,Industrial/B2B,Ground Economy,0.41364004170146473,22,88.93398619863062,-0.4842509936043006
A100831,SME,Apparel/Soft Goods,Ground,0.16547000544712423,16,212.5394459449205,-0.6215424996642411
A100832,SME,Health/Beauty,Express,0.2896798383289503,2,130.25557220929528,-0.2916178524536051
A100833,Mid-Market,Apparel/Soft Goods,Ground,0.42955224114958096,34,209.34099869532747,-0.40182220540531327
A100834,Mid-Market,Industrial/B2B,Ground,0.3750433510934785,37,89.35585185086357,-0.5265083529138421
A100835,SME,Health/Beauty,Ground,0.18909049476120143,19,144.40544704092434,-0.4255591955451226
A100836,Mid-Market,Industrial/B2B,Ground,0.3810742155796194,22,51.80870316440548,-0.3662419410820221
A100837,Enterprise,Apparel/Soft Goods,Ground Economy,0.10624994039194122,31,281.0971244048967,-0.21973893732588404
A100838,SME,Electronics,Ground,0.2977177824242789,29,116.81857242765356,-0.5118369178403325
A100839,SME,Health/Beauty,Ground Economy,0.43379567694000487,6,154.631690010064,-0.6355008750111159
A100840,SME,Apparel/Soft Goods,Ground,0.32183942155713197,28,157.9077692900139,-0.5889772086843124
A100841,Mid-Market,Apparel/Soft Goods,Ground,0.2701062450038054,38,192.19619012477833,-0.38868112123519716
A100842,SME,Apparel/Soft Goods,Ground,0.4089346253772349,31,184.58646025308832,-0.6157749862964657
A100843,SME,Industrial/B2B,Express,0.41747518150865814,20,113.80952498503842,-0.5513819334984187
A100844,SME,Health/Beauty,Ground Economy,0.45100396928669506,22,125.23749710773576,-0.81233882032794
A100845,Mid-Market,Electronics,Express,0.40743424284463875,11,136.37452771790598,-0.38862677521843425
A100846,SME,Health/Beauty,Ground,0.42813747939371466,28,123.60940459263549,-0.5661107731254006
A100847,Mid-Market,Electronics,Ground,0.39329085574375344,10,110.2234309034748,-0.2825033211743233
A100848,SME,Home & Bulky,Ground,0.3465528649116472,15,248.50825226860792,-0.5051653479974676
A100849,Enterprise,Home & Bulky,Ground,0.32895089997638144,11,320.08395193561125,-0.2578634634993937
A100850,SME,Electronics,Express,0.2962740280902598,14,79.17918256494944,-0.4398248098453106
A100851,SME,Apparel/Soft Goods,Ground,0.19876317069402744,16,160.26791761062643,-0.37200153312008877
A100852,Mid-Market,Industrial/B2B,Ground,0.22446884911801912,4,58.45365631582497,-0.3818419818576918
A100853,Enterprise,Industrial/B2B,Ground,0.29179855180647907,30,72.38246565986451,-0.2652345687466743
A100854,SME,Home & Bulky,Ground,0.34414521596024295,19,222.01711760420937,-0.5534964513674304
A100855,SME,Electronics,Express,0.46408125980042636,39,85.1272049116476,-0.5222697202833267
A100856,Mid-Market,Apparel/Soft Goods,Ground Economy,0.31582027721244876,8,182.24921517796554,-0.2740661875487641
A100857,Mid-Market,Industrial/B2B,Ground,0.4203476290877664,28,57.36162540887868,-0.405778484994025
A100858,SME,Industrial/B2B,Ground Economy,0.4279315656432121,8,73.50858267496356,-0.6045551964828513
A100859,SME,Industrial/B2B,Ground Economy,0.29685532023112093,23,109.44681047854526,-0.4030070688241592
A100860,Mid-Market,Home & Bulky,Ground,0.3794690211370184,21,278.8879216891556,-0.44466834957574153
A100861,Mid-Market,Apparel/Soft Goods,Ground Economy,0.29564719582751386,19,217.08627800812155,-0.42364464497585025
A100862,Mid-Market,Apparel/Soft Goods,Ground Economy,0.4522135894078477,27,172.09497057264946,-0.44454200872519867
A100863,SME,Apparel/Soft Goods,Ground Economy,0.38358433382659324,34,151.9359885481094,-0.5981408200762508
A100864,SME,Apparel/Soft Goods,Ground,0.20095162453116447,13,166.9399003448042,-0.6039288234769339
A100865,Enterprise,Apparel/Soft Goods,Ground,0.33615246521538467,35,208.36666854333063,-0.2371837896571574
A100866,Mid-Market,Industrial/B2B,Express,0.484811216182388,8,104.06446383157203,-0.42950292232556814
A100867,Mid-Market,Apparel/Soft Goods,Ground Economy,0.3018768965453299,13,244.1094883677151,-0.27633080715993663
A100868,SME,Apparel/Soft Goods,Ground,0.36477150300950684,13,233.83714730186998,-0.4261625967262251
A100869,SME,Industrial/B2B,Ground,0.37458788377391455,40,78.0515788020993,-0.4892793482343439
A100870,Mid-Market,Electronics,Ground,0.21633771008353997,5,120.53027637992615,-0.3726002502146645
A100871,SME,Health/Beauty,Ground,0.3710707949213514,17,131.9021682430614,-0.5820212961729249
A100872,Enterprise,Electronics,Ground Economy,0.18061648479653744,18,115.6543011085134,-0.23071449455655205
A100873,SME,Industrial/B2B,Ground,0.2574375893598604,33,123.00147193074896,-0.6421612294451227
A100874,Mid-Market,Electronics,Ground,0.4275722967494192,20,81.94079488072197,-0.44546423201908
A100875,Mid-Market,Electronics,Ground,0.3556756290308358,40,114.93098077607917,-0.33027404882725386
A100876,SME,Health/Beauty,Ground,0.2895522192253473,31,170.53607246134314,-0.569682529079164
A100877,SME,Home & Bulky,Ground,0.36464610212451876,29,191.39627803243042,-0.4800538973129484
A100878,SME,Home & Bulky,Ground,0.3139907752244869,31,229.8726204975395,-0.5344696193358308
A100879,SME,Home & Bulky,Ground Economy,0.32125785023518333,7,235.24099831383447,-0.5765477879465009
A100880,SME,Apparel/Soft Goods,Ground,0.38568185267201377,19,201.5596485063594,-0.2687812536910855
A100881,SME,Health/Beauty,Express,0.2472632259340868,25,99.78187957792333,-0.748927633270274
A100882,Enterprise,Apparel/Soft Goods,Ground Economy,0.32403364055546907,9,232.50181308077788,-0.2386914863541167
A100883,SME,Apparel/Soft Goods,Ground,0.2887731805393347,5,235.18565927899684,-0.500854479778394
A100884,SME,Apparel/Soft Goods,Ground Economy,0.16143966253997444,6,229.21658728567843,-0.7090080048064938
A100885,SME,Industrial/B2B,Ground,0.22795442437507002,33,75.89994647648449,-0.521336928434889
A100886,SME,Home & Bulky,Ground Economy,0.47682064470638325,27,264.0487050088454,-0.5609328493308148
A100887,SME,Health/Beauty,Ground,0.3584723314585234,12,117.334105962859,-0.5098129456421958
A100888,SME,Industrial/B2B,Ground Economy,0.1876411698598611,31,84.6119340955015,-0.6862893265890755
A100889,Mid-Market,Apparel/Soft Goods,Ground,0.16596456241515894,29,291.40108764705917,-0.37401587174056483
A100890,SME,Health/Beauty,Express,0.3087836099889416,34,142.41152351542564,-0.5623324383110095
A100891,Enterprise,Home & Bulky,Ground Economy,0.47611865331764824,38,204.42375624380028,-0.25972481104983974
A100892,SME,Apparel/Soft Goods,Express,0.3013241865195647,37,216.81667587709595,-0.5982740052405389
A100893,SME,Health/Beauty,Express,0.45069995534040164,8,105.9347426632046,-0.5455162846264391
A100894,Mid-Market,Industrial/B2B,Express,0.35519307708186576,32,70.57603164125682,-0.4432922854243754
A100895,Mid-Market,Home & Bulky,Ground Economy,0.3671250457845894,17,211.27543723759658,-0.5246935440773933
A100896,SME,Electronics,Ground,0.18642794906954305,17,110.40291583257324,-0.5761863620259523
A100897,SME,Home & Bulky,Ground Economy,0.4137522921749758,27,303.8501489935746,-0.5596327072494868
A100898,SME,Electronics,Ground Economy,0.2865067962726393,25,132.4934010771637,-0.5640767343985743
A100899,SME,Electronics,Express,0.4063092453610908,18,131.29669909014228,-0.6581104338186002
